train_image,n_matches,min_frame,max_frame,spread
data/thermal-1-filtered/train/images/001496_png.rf.a51d978accc785d408f4fe2435a4152e.jpg,13,7487,7499,12
data/thermal-1-filtered/train/images/000002_png.rf.48575a0942828dfa32a684abb898f567.jpg,12,4,15,11
data/thermal-1-filtered/train/images/000001_png.rf.b5fa4f26fd8f418fec6eba18115a4f87.jpg,11,2,12,10
data/thermal-1-filtered/train/images/001503_png.rf.4f71d60936b3be79f606515b93bc1a76.jpg,9,7523,7534,11
data/thermal-1-filtered/train/images/001498_png.rf.bb78c436ed3e747be63d74937097258f.jpg,9,7498,7506,8
data/thermal-1-filtered/train/images/001499_png.rf.4d5f4b5a6b5c3804c7ad272b2c04f80f.jpg,9,7502,7510,8
data/thermal-1-filtered/train/images/001501_png.rf.8cc80cbf2be44e7411f9b5ff56deac81.jpg,9,7512,7520,8
data/thermal-1-filtered/train/images/001504_png.rf.51e5224cd0ed11eb7e5304232e8060ea.jpg,8,7527,7534,7
data/thermal-1-filtered/train/images/001502_png.rf.c8e9b1d16b2085e7bcfe0c86f10cc235.jpg,7,7518,7524,6
data/thermal-1-filtered/train/images/000003_png.rf.b8e4f1f189e2ff45d09be8e0e77113cf.jpg,6,13,18,5
data/thermal-1-filtered/train/images/002352_png.rf.cdedb0ae8b0b07a7f22f38852d6ae074.jpg,4,11780,11783,3
data/thermal-1-filtered/train/images/002360_png.rf.a7cc8f6a0c24a770af3f6bc1992cd880.jpg,4,11819,11822,3
data/thermal-1-filtered/train/images/003850_png.rf.a6c3c678927415ca603d1a5ffdca2f81.jpg,4,19269,19272,3
data/thermal-1-filtered/train/images/002243_png.rf.a9da55bde5ffed795dd494bb18127c04.jpg,4,11234,11237,3
data/thermal-1-filtered/train/images/003857_png.rf.2f25017222a194e6e052e97550bb9d27.jpg,4,19305,19308,3
data/thermal-1-filtered/train/images/002354_png.rf.fbe096167f8194cb47f8ea2fd424968f.jpg,4,11790,11793,3
data/thermal-1-filtered/train/images/002355_png.rf.2946410543478f71107363f0bdf5c668.jpg,4,11795,11798,3
data/thermal-1-filtered/train/images/003777_png.rf.482dc471085dce257adeb5bd33118413.jpg,4,18905,18908,3
data/thermal-1-filtered/train/images/002246_png.rf.8f70b4b5df30a2d6754ed5604f1810db.jpg,4,11250,11253,3
data/thermal-1-filtered/train/images/002409_png.rf.cdac0ca2e66fd1d990328fd517a74ff2.jpg,4,12064,12067,3
data/thermal-1-filtered/train/images/003853_png.rf.7a104f2cd5650c286554a4cffb74d3e9.jpg,3,19285,19287,2
data/thermal-1-filtered/train/images/003872_png.rf.e3b2669f62db820110aba7bd2e0b2ce0.jpg,3,19380,19382,2
data/thermal-1-filtered/train/images/003752_png.rf.0cba0649cf4615b68c2f9b1b72ad487a.jpg,3,18780,18782,2
data/thermal-1-filtered/train/images/002353_png.rf.66fa81a5573ec530f1b97aed4194966e.jpg,3,11785,11787,2
data/thermal-1-filtered/train/images/003787_png.rf.a30107292386527b3124daea3e51985b.jpg,3,18955,18957,2
data/thermal-1-filtered/train/images/003844_png.rf.bf3579bee93d85b1ab93ce7ae143b305.jpg,3,19240,19242,2
data/thermal-1-filtered/train/images/002412_png.rf.2910102fa05d5569ef511fb56b90737c.jpg,3,12080,12082,2
data/thermal-1-filtered/train/images/003823_png.rf.0f451aab162b4e717d51e9ce38f659b7.jpg,3,19135,19137,2
data/thermal-1-filtered/train/images/002359_png.rf.70b699e756244ad54cd234e980a904c5.jpg,3,11815,11817,2
data/thermal-1-filtered/train/images/002410_png.rf.bbac98a4bff10cc54e51f1320b93b504.jpg,3,12070,12072,2
data/thermal-1-filtered/train/images/003833_png.rf.06261d86016147773c6733cb081b38d6.jpg,3,19185,19187,2
data/thermal-1-filtered/train/images/003699_png.rf.93e158ba865da27b8750863009130604.jpg,3,18515,18517,2
data/thermal-1-filtered/train/images/002097_png.rf.98d37c49acf709adadc9ef4cd0ce4795.jpg,3,10505,10507,2
data/thermal-1-filtered/train/images/003746_png.rf.a68514c9e11ef85bf70d8854634ee251.jpg,3,18750,18752,2
data/thermal-1-filtered/train/images/003734_png.rf.25ad4d2dddb4ac86cd51a1f00d25ecdc.jpg,3,18690,18692,2
data/thermal-1-filtered/train/images/003058_png.rf.ff0d5ec329512455e2114931c089d524.jpg,3,15310,15312,2
data/thermal-1-filtered/train/images/002248_png.rf.9fc1353d4e839ff03e3425ce944cc967.jpg,3,11260,11262,2
data/thermal-1-filtered/train/images/003770_png.rf.bbfa3064b26bbde2a7b998177d9ffd14.jpg,3,18870,18872,2
data/thermal-1-filtered/train/images/003757_png.rf.c500106a436ae142a8a6d8da9dcfccfb.jpg,3,18805,18807,2
data/thermal-1-filtered/train/images/002469_png.rf.d760dc438aad98b660a0494642032dfa.jpg,3,12365,12367,2
data/thermal-1-filtered/train/images/003690_png.rf.0d7829371721c0ec96f445ee33390f4c.jpg,3,18470,18472,2
data/thermal-1-filtered/train/images/003785_png.rf.72b63b710f870886fd63c552ab64b467.jpg,3,18945,18947,2
data/thermal-1-filtered/train/images/003830_png.rf.944d6789fe6bbed33feee3ad28dae10b.jpg,3,19170,19172,2
data/thermal-1-filtered/train/images/002384_png.rf.7848db78ca1de118ab353bae33dc8db1.jpg,3,11940,11942,2
data/thermal-1-filtered/train/images/002329_png.rf.3fcef6242d534eff3f5a4bb1f449bbae.jpg,3,11665,11667,2
data/thermal-1-filtered/train/images/003851_png.rf.fe680c57357fce6dbe086fcde9b21b67.jpg,3,19275,19277,2
data/thermal-1-filtered/train/images/003715_png.rf.ec807e4f95633501e7a0a7c1b73c46f8.jpg,3,18595,18597,2
data/thermal-1-filtered/train/images/002070_png.rf.a75b394ede33d9e6e6c4858333fe3ca3.jpg,3,10370,10372,2
data/thermal-1-filtered/train/images/003796_png.rf.c419609346f9cdd9ab8281b7ef85b6fb.jpg,3,19000,19002,2
data/thermal-1-filtered/train/images/002390_png.rf.f46c40b8cbbc45ff02ac1534886b4296.jpg,3,11970,11972,2
data/thermal-1-filtered/train/images/003782_png.rf.21dfc32d30bcb3fd1aa6b8aeabb03837.jpg,3,18930,18932,2
data/thermal-1-filtered/train/images/003829_png.rf.cbb574b3fb5720f08a351e72e9da6a48.jpg,3,19165,19167,2
data/thermal-1-filtered/train/images/003784_png.rf.9826ed0398e85a92d9f435e986d61290.jpg,3,18940,18942,2
data/thermal-1-filtered/train/images/003029_png.rf.576fb180dc9ed12a1ddc52e61c07d10c.jpg,3,15165,15167,2
data/thermal-1-filtered/train/images/002386_png.rf.ecb2a2843422cb10409dc3519c136618.jpg,3,11950,11952,2
data/thermal-1-filtered/train/images/003751_png.rf.818e5bc702ac3e29d50f5ab40a42d113.jpg,3,18775,18777,2
data/thermal-1-filtered/train/images/002247_png.rf.2352c162adadbdb2e9b7aaaf53a03b84.jpg,3,11255,11257,2
data/thermal-1-filtered/train/images/002406_png.rf.a106b63e4fa1908372b31598af4cf13e.jpg,3,12050,12052,2
data/thermal-1-filtered/train/images/002098_png.rf.8ca303737e763582dba3b4a0975a1052.jpg,3,10510,10512,2
data/thermal-1-filtered/train/images/002242_png.rf.5476947c06a58c3a6bcd46f62d57417f.jpg,3,11230,11232,2
data/thermal-1-filtered/train/images/002385_png.rf.36253f592278d810a0ef8e1fdfccc61d.jpg,3,11945,11947,2
data/thermal-1-filtered/train/images/003834_png.rf.e5fa7389c4329510f0106d1a3143cc58.jpg,3,19190,19192,2
data/thermal-1-filtered/train/images/003865_png.rf.54bb035700e88733806549db14dd17d0.jpg,3,19345,19347,2
data/thermal-1-filtered/train/images/000004_png.rf.8d9ec8d06275e5a3e20a5ccd39d2cdc0.jpg,3,20,22,2
data/thermal-1-filtered/train/images/003772_png.rf.e9fc84c2e4c3a313f4fe411c1c337c6e.jpg,3,18880,18882,2
data/thermal-1-filtered/train/images/002495_png.rf.272d3b5741c12fd525eee388e9d93575.jpg,3,12495,12497,2
data/thermal-1-filtered/train/images/002349_png.rf.f6cd48b0d885ddf7b640dbf56126914c.jpg,3,11765,11767,2
data/thermal-1-filtered/train/images/003687_png.rf.c257e6ce2b3c95d616b28c12de9502a8.jpg,3,18455,18457,2
data/thermal-1-filtered/train/images/003744_png.rf.f9403b3f55b0aa50d0415ae3369c1624.jpg,3,18740,18742,2
data/thermal-1-filtered/train/images/003729_png.rf.734e4dbce3f5354142beb287d9b341b9.jpg,3,18665,18667,2
data/thermal-1-filtered/train/images/003792_png.rf.381ddbbdbd54c30691e182422fcce2b8.jpg,3,18980,18982,2
data/thermal-1-filtered/train/images/003750_png.rf.453b07e29e356ed6de37ac9932e8df0b.jpg,3,18770,18772,2
data/thermal-1-filtered/train/images/003826_png.rf.ff8c9c53c1d7464274e830aaaaef0063.jpg,3,19150,19152,2
data/thermal-1-filtered/train/images/002444_png.rf.8f27debb494a402a72a675e321281ad7.jpg,3,12240,12242,2
data/thermal-1-filtered/train/images/003735_png.rf.c6808b11cfe8df7ecf950a9721e7defd.jpg,3,18695,18697,2
data/thermal-1-filtered/train/images/002347_png.rf.47e123c1e1efbb354abb6c35c445146d.jpg,3,11755,11757,2
data/thermal-1-filtered/train/images/003849_png.rf.ba1d8df55f6449025b965c6687c16976.jpg,3,19265,19267,2
data/thermal-1-filtered/train/images/003858_png.rf.7c07176e7135318618cd068d2db12388.jpg,3,19310,19312,2
data/thermal-1-filtered/train/images/003840_png.rf.2618958e4821741c6eb18694b5b7163a.jpg,3,19220,19222,2
data/thermal-1-filtered/train/images/002463_png.rf.bac4e8524f7b3587308ecff2006cd97d.jpg,3,12335,12337,2
data/thermal-1-filtered/train/images/002381_png.rf.bf19a3fb282de28732fd82800c02bc19.jpg,3,11925,11927,2
data/thermal-1-filtered/train/images/002437_png.rf.835203626f88ff8c4a74ea11a79a3653.jpg,3,12205,12207,2
data/thermal-1-filtered/train/images/003836_png.rf.131c32b2c6327bd6968665510fc736b8.jpg,3,19200,19202,2
data/thermal-1-filtered/train/images/003852_png.rf.4735d09be52c23bb830f3b787f534a7e.jpg,3,19280,19282,2
data/thermal-1-filtered/train/images/003832_png.rf.bfda99f61602026537942b2cd2c08059.jpg,3,19180,19182,2
data/thermal-1-filtered/train/images/002361_png.rf.6d228cb6669cb567f6c7d9ef5ab83a67.jpg,3,11825,11827,2
data/thermal-1-filtered/train/images/003860_png.rf.0d68abf00d07010df022aa79ac9230c5.jpg,3,19320,19322,2
data/thermal-1-filtered/train/images/003855_png.rf.8e2c622d64ec09f3fe33aae1a0268657.jpg,3,19295,19297,2
data/thermal-1-filtered/train/images/003692_png.rf.5958511a0669e0baef09d9683000313e.jpg,2,18480,18481,1
data/thermal-1-filtered/train/images/003774_png.rf.d8d1012020d24f910a6943f50f23d6a5.jpg,2,18890,18891,1
data/thermal-1-filtered/train/images/003793_png.rf.d32d3c3f7c25b93c155382b9608ecbaf.jpg,2,18985,18986,1
data/thermal-1-filtered/train/images/002366_png.rf.413bf532ced31e479f159ab2a781c927.jpg,2,11851,11852,1
data/thermal-1-filtered/train/images/003827_png.rf.7440fb6146c2258387ddec157a1f4604.jpg,2,19155,19156,1
data/thermal-1-filtered/train/images/002836_png.rf.dda807d070e148a845a72747adb94aa4.jpg,2,14201,14202,1
data/thermal-1-filtered/train/images/003761_png.rf.6ecd6e1dfbfec674c0952dc0c93e3eac.jpg,2,18826,18827,1
data/thermal-1-filtered/train/images/002363_png.rf.82203a4c878d43d4301ac4c6d463dad4.jpg,2,11835,11836,1
data/thermal-1-filtered/train/images/003686_png.rf.952fdb0ae22fb197083120b677ecaec1.jpg,2,18451,18452,1
data/thermal-1-filtered/train/images/003778_png.rf.c60c048c955a8057306f08b70cbfaf83.jpg,2,18911,18912,1
data/thermal-1-filtered/train/images/002328_png.rf.3d36df0ee3ef8765c449aa69e5380c84.jpg,2,11660,11661,1
data/thermal-1-filtered/train/images/002461_png.rf.7825ccaeb6631c27163ef828be0a26eb.jpg,2,12325,12326,1
data/thermal-1-filtered/train/images/002245_png.rf.77e57b2ccdb774a99eafc342d956f519.jpg,2,11245,11246,1
data/thermal-1-filtered/train/images/002069_png.rf.b4327f310d2210030f888a977209963a.jpg,2,10365,10366,1
data/thermal-1-filtered/train/images/003771_png.rf.48a30fb3f89ff31219953964402172c4.jpg,2,18876,18877,1
data/thermal-1-filtered/train/images/002402_png.rf.e0a11c739d12f48e617f71af53983cc8.jpg,2,12030,12031,1
data/thermal-1-filtered/train/images/002204_png.rf.eb0441193ddce8dbcbd8a93ac64e6a31.jpg,2,11041,11042,1
data/thermal-1-filtered/train/images/003747_png.rf.f112e43f765e8e9dcb8ff0316224dcbd.jpg,2,18756,18757,1
data/thermal-1-filtered/train/images/003863_png.rf.7f52dcd5626034dc21ac8c7917c5eafe.jpg,2,19335,19336,1
data/thermal-1-filtered/train/images/002209_png.rf.b751d912a8bb664726f23260c173f907.jpg,2,11066,11067,1
data/thermal-1-filtered/train/images/003758_png.rf.f116182e5490d3300870f17b42f57a9e.jpg,2,18810,18811,1
data/thermal-1-filtered/train/images/003702_png.rf.b03b4c2daf5fc650fef872a1781430ef.jpg,2,18530,18531,1
data/thermal-1-filtered/train/images/002377_png.rf.dbfda237213ece7f9f5e011e9f4349f9.jpg,2,11905,11906,1
data/thermal-1-filtered/train/images/003500_png.rf.c40c2ea45b99e4623f661ba74cd3ed8b.jpg,2,17521,17522,1
data/thermal-1-filtered/train/images/002350_png.rf.91e84985ddf217b3d94ca3bc773f5f4a.jpg,2,11771,11772,1
data/thermal-1-filtered/train/images/002408_png.rf.417de85c935504e1e0920f2f6b237cc6.jpg,2,12061,12062,1
data/thermal-1-filtered/train/images/003969_png.rf.265f488cfefe3d880aab9084a960b520.jpg,2,19866,19867,1
data/thermal-1-filtered/train/images/003722_png.rf.9177e08d97f30118793379d12ca31f5d.jpg,2,18631,18632,1
data/thermal-1-filtered/train/images/003693_png.rf.5c9f7aac92f2e05449209377bbd74210.jpg,2,18486,18487,1
data/thermal-1-filtered/train/images/003748_png.rf.5cdbabaa76fadabc28cf6d29af8b96ac.jpg,2,18761,18762,1
data/thermal-1-filtered/train/images/002470_png.rf.db9532bdf480f212d31cee074efcca1a.jpg,2,12370,12371,1
data/thermal-1-filtered/train/images/003842_png.rf.7b2483abb0eca2b3b3beda96276b4f02.jpg,2,19230,19231,1
data/thermal-1-filtered/train/images/002201_png.rf.3f38ffa95e54fa613e1a0533e17ab713.jpg,2,11025,11026,1
data/thermal-1-filtered/train/images/003490_png.rf.8f34b6a02b093b54cc255d4503487018.jpg,2,17471,17472,1
data/thermal-1-filtered/train/images/003968_png.rf.c1ac6f14f443db43f63e2767a8935f01.jpg,2,19861,19862,1
data/thermal-1-filtered/train/images/002438_png.rf.bd533168fe86eac117411423af60a453.jpg,2,12211,12212,1
data/thermal-1-filtered/train/images/002464_png.rf.d1f5ca4b1ffcbe7d0f2b126994184a35.jpg,2,12341,12342,1
data/thermal-1-filtered/train/images/002407_png.rf.81843cebb79fd5b8818af6d44d444d8c.jpg,2,12055,12056,1
data/thermal-1-filtered/train/images/003743_png.rf.66e7ee88499d2e138cb3065bb838b403.jpg,2,18736,18737,1
data/thermal-1-filtered/train/images/003726_png.rf.c65e16c82b4f69978675d188efd5a46b.jpg,2,18650,18651,1
data/thermal-1-filtered/train/images/003780_png.rf.8a4c1266566f6da33b6e6ba1745c5462.jpg,2,18920,18921,1
data/thermal-1-filtered/train/images/003822_png.rf.271c77c8a4b4f73f00cf3cd1b6c8d70b.jpg,2,19131,19132,1
data/thermal-1-filtered/train/images/002358_png.rf.79b81bfe5ceb7a27edf67fbe4d89134b.jpg,2,11811,11812,1
data/thermal-1-filtered/train/images/003843_png.rf.3d64567dd9f4a4e4a1fa49b34202ee14.jpg,2,19235,19236,1
data/thermal-1-filtered/train/images/002078_png.rf.c34cd4493a398bc7d6f04c4708ba3cfc.jpg,2,10411,10412,1
data/thermal-1-filtered/train/images/003047_png.rf.3fb17a622d6d51affde675fb0280023c.jpg,2,15256,15257,1
data/thermal-1-filtered/train/images/003684_png.rf.e9d1b8a8a6672b7dbe4082cb28c10ef2.jpg,2,18440,18441,1
data/thermal-1-filtered/train/images/003819_png.rf.cb39325775fdd5001e0909e1a9fbc712.jpg,2,19116,19117,1
data/thermal-1-filtered/train/images/002214_png.rf.7f294417af9d3e5cb96b6a1cc963e7d9.jpg,2,11090,11091,1
data/thermal-1-filtered/train/images/002442_png.rf.6bd5c85c8bd804eb5a06afbef7138dca.jpg,2,12231,12232,1
data/thermal-1-filtered/train/images/003059_png.rf.e0b994dd2d9a74de36e68683531bede4.jpg,2,15316,15317,1
data/thermal-1-filtered/train/images/002436_png.rf.e53135da8105f136d854f51178ed6031.jpg,2,12201,12202,1
data/thermal-1-filtered/train/images/002382_png.rf.65c4e1a14d05827d35487f2884028541.jpg,2,11931,11932,1
data/thermal-1-filtered/train/images/002450_png.rf.39ac06bd3c32d5b6b4006a051dd5d056.jpg,2,12271,12272,1
data/thermal-1-filtered/train/images/003820_png.rf.31ec8e42817d10a5520ef651daaf223f.jpg,2,19120,19121,1
data/thermal-1-filtered/train/images/002205_png.rf.da549460563a11335e23152013e845ea.jpg,2,11045,11046,1
data/thermal-1-filtered/train/images/003694_png.rf.e469fc6362d2bd67de34e0f5cf7e7319.jpg,2,18491,18492,1
data/thermal-1-filtered/train/images/003733_png.rf.04118ee39cb1df3c939c33f2ca8dda1b.jpg,2,18685,18686,1
data/thermal-1-filtered/train/images/002376_png.rf.8afb606942eea8009c5ae27745ecc6b9.jpg,2,11901,11902,1
data/thermal-1-filtered/train/images/003839_png.rf.30904efd0aa2d3fe419e56e7df9b35da.jpg,2,19216,19217,1
data/thermal-1-filtered/train/images/002466_png.rf.4af05825df1cecd13375a5b7c6ab14eb.jpg,2,12351,12352,1
data/thermal-1-filtered/train/images/003795_png.rf.cc2d2595efe5cb7361e0fab195ba2e90.jpg,2,18995,18996,1
data/thermal-1-filtered/train/images/002255_png.rf.f0621b7246e64b0bcdf33e970f9c0602.jpg,2,11295,11296,1
data/thermal-1-filtered/train/images/003765_png.rf.5c423d6a5c3743ef3403203ebad10a68.jpg,2,18845,18846,1
data/thermal-1-filtered/train/images/002545_png.rf.eb5d956503e7528852af03137e926dc3.jpg,2,12746,12747,1
data/thermal-1-filtered/train/images/002068_png.rf.e857e90b8a8cd1b715c2cff98728346b.jpg,2,10361,10362,1
data/thermal-1-filtered/train/images/003760_png.rf.9a508694efa29493672b2947dd284715.jpg,2,18821,18822,1
data/thermal-1-filtered/train/images/002405_png.rf.d5e7f525886ffdd4f365d18d647568dc.jpg,2,12046,12047,1
data/thermal-1-filtered/train/images/003064_png.rf.de6430cb7851b60f23bfb36ff3ef1146.jpg,2,15341,15342,1
data/thermal-1-filtered/train/images/003027_png.rf.26ac0cb6ca99287c44cfa4174aff3a67.jpg,2,15156,15157,1
data/thermal-1-filtered/train/images/002380_png.rf.68a4db9249985b3b526ea15dc059fec2.jpg,2,11921,11922,1
data/thermal-1-filtered/train/images/002206_png.rf.6b72e7d4b55aa4a2772b8ef26d008d80.jpg,2,11050,11051,1
data/thermal-1-filtered/train/images/003790_png.rf.9b7f467225813414c40835a37d67160b.jpg,2,18971,18972,1
data/thermal-1-filtered/train/images/003703_png.rf.40599b451257427c2f6d9b7ae0fd328e.jpg,2,18536,18537,1
data/thermal-1-filtered/train/images/002400_png.rf.1d68852f3837dc9c3fbd32f630db5023.jpg,2,12021,12022,1
data/thermal-1-filtered/train/images/003848_png.rf.2e7207fec8fcfb9addc9e28ead75ac03.jpg,2,19261,19262,1
data/thermal-1-filtered/train/images/002234_png.rf.129e805bef71049a6756662415d2ed36.jpg,2,11191,11192,1
data/thermal-1-filtered/train/images/002462_png.rf.2d66d5e79263e29f2b036759575c63a0.jpg,2,12331,12332,1
data/thermal-1-filtered/train/images/002325_png.rf.f15653eb5f00c38a23b04a25c25a2308.jpg,2,11645,11646,1
data/thermal-1-filtered/train/images/002411_png.rf.9b4e4c06973a4d119615e9d0e9a5cbbe.jpg,2,12076,12077,1
data/thermal-1-filtered/train/images/003763_png.rf.ec35afd5e9f5c7a176207b2552847d5e.jpg,2,18835,18836,1
data/thermal-1-filtered/train/images/003695_png.rf.6fcd677e10a7adae532ad907dbe4426b.jpg,2,18495,18496,1
data/thermal-1-filtered/train/images/002067_png.rf.ee1edbf7899d12a439d31d518f16681e.jpg,2,10356,10357,1
data/thermal-1-filtered/train/images/002401_png.rf.c03a529568a244aab38373007f60cb8c.jpg,2,12025,12026,1
data/thermal-1-filtered/train/images/003764_png.rf.b255bc6bf8e688684fc7298a26210071.jpg,2,18840,18841,1
data/thermal-1-filtered/train/images/002340_png.rf.8c34854e5acbca1773b72ffcd7b0d089.jpg,1,11721,11721,0
data/thermal-1-filtered/train/images/002459_png.rf.1ebab7dec4101c5d83aa280d9630d657.jpg,1,12316,12316,0
data/thermal-1-filtered/train/images/003788_png.rf.ace48e7b5a044869c214bec4d76bd450.jpg,1,18961,18961,0
data/thermal-1-filtered/train/images/002330_png.rf.f24d37c63f209caf0b3c78c1d924bebd.jpg,1,11671,11671,0
data/thermal-1-filtered/train/images/002417_png.rf.ab87e2496e794452b9e3773600b9dbb5.jpg,1,12106,12106,0
data/thermal-1-filtered/train/images/002224_png.rf.bcd5df43de1bd12304ae9b6015f18cb1.jpg,1,11141,11141,0
data/thermal-1-filtered/train/images/003768_png.rf.de7844da392632fd125772a0e50840d7.jpg,1,18861,18861,0
data/thermal-1-filtered/train/images/002690_png.rf.7ec10e485bda95649c5fa6b3657c9b87.jpg,1,13471,13471,0
data/thermal-1-filtered/train/images/002305_png.rf.22ab14cef8e3882a5fdef824fafbfe99.jpg,1,11546,11546,0
data/thermal-1-filtered/train/images/002511_png.rf.9b49ece6248ff3f7febefe276ba89618.jpg,1,12576,12576,0
data/thermal-1-filtered/train/images/002550_png.rf.a09ef635036f948eb215ff71dbd8356f.jpg,1,12771,12771,0
data/thermal-1-filtered/train/images/002017_png.rf.2bb6eaf6d7f86bc0c2881f43beb6a443.jpg,1,10106,10106,0
data/thermal-1-filtered/train/images/002465_png.rf.624803c23ca88b022fbb33a95a541b9d.jpg,1,12346,12346,0
data/thermal-1-filtered/train/images/002782_png.rf.685d3adf36ebd78fc2bce4344f6cab52.jpg,1,13931,13931,0
data/thermal-1-filtered/train/images/002024_png.rf.45567508a603cd1425ad8393276e7ca0.jpg,1,10141,10141,0
data/thermal-1-filtered/train/images/003021_png.rf.2758289392bc5ee4cf5d1536a22f9fdb.jpg,1,15126,15126,0
data/thermal-1-filtered/train/images/003063_png.rf.a86e85b88700d7232240cf75093b0d43.jpg,1,15336,15336,0
data/thermal-1-filtered/train/images/002711_png.rf.654a7e90ada76f63e05bfb97b17418b1.jpg,1,13576,13576,0
data/thermal-1-filtered/train/images/002022_png.rf.50b927d1015220a6625faf75fd38ef5f.jpg,1,10131,10131,0
data/thermal-1-filtered/train/images/002060_png.rf.eb53caa49757e51b0a7f19b99ce6e3cd.jpg,1,10321,10321,0
data/thermal-1-filtered/train/images/002454_png.rf.8d3cf9b47c5ec878c63bc33a7af9257f.jpg,1,12291,12291,0
data/thermal-1-filtered/train/images/002256_png.rf.07b66a1db217c7703fcf2ff00560ebbc.jpg,1,11301,11301,0
data/thermal-1-filtered/train/images/002684_png.rf.b55fc606900d256529b663790b653a5f.jpg,1,13441,13441,0
data/thermal-1-filtered/train/images/002798_png.rf.b40b755d74fad6999d904e209178ccbb.jpg,1,14011,14011,0
data/thermal-1-filtered/train/images/003907_png.rf.3d4c8103b87bf65ce8bcb04eee8e0107.jpg,1,19556,19556,0
data/thermal-1-filtered/train/images/002225_png.rf.132c37fcdfc6c51a598e255a14cbbc1c.jpg,1,11146,11146,0
data/thermal-1-filtered/train/images/002765_png.rf.a3a0eab9b342c9e15e197d49c0c5fa5f.jpg,1,13846,13846,0
data/thermal-1-filtered/train/images/002221_png.rf.cd99590116438394d05a6fd7ef2b0dc0.jpg,1,11126,11126,0
data/thermal-1-filtered/train/images/002015_png.rf.6e8a1e84d2b4eb0d006186c9ba7ed5af.jpg,1,10096,10096,0
data/thermal-1-filtered/train/images/003697_png.rf.7ff02d390f7ecb8efea6a5b9d7d88115.jpg,1,18506,18506,0
data/thermal-1-filtered/train/images/002683_png.rf.8fc8d75bb40d260a3b1b5af04ec6c1a0.jpg,1,13436,13436,0
data/thermal-1-filtered/train/images/002244_png.rf.29c2c97bd33631c3b87af209f05e38a7.jpg,1,11241,11241,0
data/thermal-1-filtered/train/images/002342_png.rf.34e53831728fd6c5cf2354ddf16714cf.jpg,1,11731,11731,0
data/thermal-1-filtered/train/images/002729_png.rf.c1e37513f88fd19f1145bd79348da86b.jpg,1,13666,13666,0
data/thermal-1-filtered/train/images/002351_png.rf.1351f6eb5638b958e41f22c43710b206.jpg,1,11776,11776,0
data/thermal-1-filtered/train/images/002832_png.rf.7a08282097a85d5f9d37050323c8c7a7.jpg,1,14181,14181,0
data/thermal-1-filtered/train/images/002026_png.rf.7316fce2f7d8599d8203d5959c0595be.jpg,1,10151,10151,0
data/thermal-1-filtered/train/images/002327_png.rf.2973bf9715a6ae2a87050e9c513d87e2.jpg,1,11656,11656,0
data/thermal-1-filtered/train/images/003065_png.rf.d6b67dd96fcd997fb1f6c5b829fbebf1.jpg,1,15346,15346,0
data/thermal-1-filtered/train/images/002260_png.rf.84df3e5c4f0f5427117402144f5e57c3.jpg,1,11321,11321,0
data/thermal-1-filtered/train/images/003487_png.rf.3114536d0bf5f641772a1fc1fdea9413.jpg,1,17456,17456,0
data/thermal-1-filtered/train/images/002273_png.rf.075f96b5dd5521252fec00704d7b0423.jpg,1,11386,11386,0
data/thermal-1-filtered/train/images/002337_png.rf.2143a4f12b6c84b979828e7676f78df1.jpg,1,11706,11706,0
data/thermal-1-filtered/train/images/002735_png.rf.cda4654d57e14eee03efb5090cf1343c.jpg,1,13696,13696,0
data/thermal-1-filtered/train/images/003035_png.rf.12879a582fa53a4beba91ec04d0479b6.jpg,1,15196,15196,0
data/thermal-1-filtered/train/images/002779_png.rf.28355cf3721ceb66e3905eb89628795c.jpg,1,13916,13916,0
data/thermal-1-filtered/train/images/001514_png.rf.5e91c04761257116616e0a8630e44908.jpg,1,7581,7581,0
data/thermal-1-filtered/train/images/002047_png.rf.26f8ad3fbdefeedf49afe3d7c857380d.jpg,1,10256,10256,0
data/thermal-1-filtered/train/images/003085_png.rf.07658eeb9368b95b8c4349358fc629fc.jpg,1,15446,15446,0
data/thermal-1-filtered/train/images/002513_png.rf.5b5a3a31bd2ecac5c2a3e9fe1d077687.jpg,1,12586,12586,0
data/thermal-1-filtered/train/images/003056_png.rf.3c8238b5fd2de53cbae82c7285ac76b8.jpg,1,15301,15301,0
data/thermal-1-filtered/train/images/002510_png.rf.f472a7529f450b57214b7fede1988d29.jpg,1,12571,12571,0
data/thermal-1-filtered/train/images/002534_png.rf.6cc66ce86b50b2e30d99acf338886255.jpg,1,12691,12691,0
data/thermal-1-filtered/train/images/002420_png.rf.ed2064db7a2ac291af02e7ad9e1a820e.jpg,1,12121,12121,0
data/thermal-1-filtered/train/images/002357_png.rf.8013513c2cdbdd0859dad895b028495f.jpg,1,11806,11806,0
data/thermal-1-filtered/train/images/002724_png.rf.a7ab8b8799e2c6538d43810a9189ef85.jpg,1,13641,13641,0
data/thermal-1-filtered/train/images/002240_png.rf.5791027cb889afeb08d4f59d9db61c37.jpg,1,11221,11221,0
data/thermal-1-filtered/train/images/002471_png.rf.530138efd597192954476f1f668b5f11.jpg,1,12376,12376,0
data/thermal-1-filtered/train/images/002541_png.rf.9124b6d6538ecee0b4a4a05ab88ad7eb.jpg,1,12726,12726,0
data/thermal-1-filtered/train/images/002428_png.rf.f4501e0b2f2c607e5156a59906622704.jpg,1,12161,12161,0
data/thermal-1-filtered/train/images/002262_png.rf.18946757d42e0643a58806d46d8986fe.jpg,1,11331,11331,0
data/thermal-1-filtered/train/images/002704_png.rf.74693d8e549d345598283902f6c530a7.jpg,1,13541,13541,0
data/thermal-1-filtered/train/images/002339_png.rf.8b1293bcbb4922382bb59cdf1e448739.jpg,1,11716,11716,0
data/thermal-1-filtered/train/images/003028_png.rf.75c483a6121f4e6fd58c47ee85f00bd1.jpg,1,15161,15161,0
data/thermal-1-filtered/train/images/003773_png.rf.78dd557002473f91a9f89c937b7f5583.jpg,1,18886,18886,0
data/thermal-1-filtered/train/images/003688_png.rf.e10567fc05ae03bafad6d3077d40b716.jpg,1,18461,18461,0
data/thermal-1-filtered/train/images/002771_png.rf.683015eefe1078d26a7ce73499c7efdc.jpg,1,13876,13876,0
data/thermal-1-filtered/train/images/002013_png.rf.a9a34e6aacc2f3bb818b9d77463aea2c.jpg,1,10086,10086,0
data/thermal-1-filtered/train/images/003049_png.rf.9e3648dc8a58d743866197c54717a1c8.jpg,1,15266,15266,0
data/thermal-1-filtered/train/images/002413_png.rf.621535c43135a993fbdcbac6e62fdb2d.jpg,1,12086,12086,0
data/thermal-1-filtered/train/images/002338_png.rf.78f8819fb1f3aa081b8b64aab152b47f.jpg,1,11711,11711,0
data/thermal-1-filtered/train/images/002783_png.rf.ad69431fc6cf38f1ae9bf14e880ea46f.jpg,1,13936,13936,0
data/thermal-1-filtered/train/images/003089_png.rf.cc75eedf5df202a323a3df57b78d4aab.jpg,1,15466,15466,0
data/thermal-1-filtered/train/images/003105_png.rf.044a9f3d6abcde00b7b2629af1f42629.jpg,1,15546,15546,0
data/thermal-1-filtered/train/images/003783_png.rf.4f29f51aa58fb7ece03a259f09ad7480.jpg,1,18936,18936,0
data/thermal-1-filtered/train/images/003803_png.rf.0e62bc4ddf33401f9cad97e49fd45453.jpg,1,19036,19036,0
data/thermal-1-filtered/train/images/002715_png.rf.c44845a698a058499da51b1bc8346650.jpg,1,13596,13596,0
data/thermal-1-filtered/train/images/002222_png.rf.d0720f1bfe7de53767b052c6b782af96.jpg,1,11131,11131,0
data/thermal-1-filtered/train/images/002005_png.rf.d0fce20ae140e344711c5f4b5c1bce1a.jpg,1,10046,10046,0
data/thermal-1-filtered/train/images/003061_png.rf.36ba58121a520c3f6fd8a50fef25cecc.jpg,1,15326,15326,0
data/thermal-1-filtered/train/images/003109_png.rf.32ae47f6f10f88b73fb7f965e886eeca.jpg,1,15566,15566,0
data/thermal-1-filtered/train/images/002468_png.rf.a40f046a71f15617cc12c3dbf57d47d6.jpg,1,12361,12361,0
data/thermal-1-filtered/train/images/001985_png.rf.cc63e6fe40774b72bd8c6c93deb09c85.jpg,1,9946,9946,0
data/thermal-1-filtered/train/images/002544_png.rf.aeb5b281ce804f3179ca2a563e40bb63.jpg,1,12741,12741,0
data/thermal-1-filtered/train/images/002282_png.rf.bbbfbad112a262b2aa26675a89d96350.jpg,1,11431,11431,0
data/thermal-1-filtered/train/images/002686_png.rf.dcad798859631a70397b721169ce3f6b.jpg,1,13451,13451,0
data/thermal-1-filtered/train/images/002003_png.rf.54ebc10811dbc9b8e818b7e0e111e822.jpg,1,10036,10036,0
data/thermal-1-filtered/train/images/002682_png.rf.01814d8e51c7db1c3f4f5100b354afb2.jpg,1,13431,13431,0
data/thermal-1-filtered/train/images/002373_png.rf.2b5d88431c64db7ca0de6dace57214b4.jpg,1,11886,11886,0
data/thermal-1-filtered/train/images/002721_png.rf.271824d6a654a79788575de13fa15ffd.jpg,1,13626,13626,0
data/thermal-1-filtered/train/images/003717_png.rf.939df35021579a2ba22af5d8338b801c.jpg,1,18606,18606,0
data/thermal-1-filtered/train/images/003070_png.rf.939c4f6f4d564a539985deb0ac8bd930.jpg,1,15371,15371,0
data/thermal-1-filtered/train/images/003709_png.rf.ade280de710bf6fd0d87d7f0c3ba7671.jpg,1,18566,18566,0
data/thermal-1-filtered/train/images/002457_png.rf.444bcd27e83088df73d449547cbd4c23.jpg,1,12306,12306,0
data/thermal-1-filtered/train/images/002720_png.rf.bb358143ee9454486b564803f01f0988.jpg,1,13621,13621,0
data/thermal-1-filtered/train/images/002672_png.rf.859df6b714bd88a33c76a456bc53cca4.jpg,1,13381,13381,0
data/thermal-1-filtered/train/images/002076_png.rf.43ba5ff083b4f9db3588119f77d1c5fb.jpg,1,10401,10401,0
data/thermal-1-filtered/train/images/001506_png.rf.82fbba1c1df23bde1b23fcc9989abc0f.jpg,1,7541,7541,0
data/thermal-1-filtered/train/images/002046_png.rf.228bde627114df1baa88b436d171af5b.jpg,1,10251,10251,0
data/thermal-1-filtered/train/images/002775_png.rf.295bdc0a179fea89d2d210d9fc550fcd.jpg,1,13896,13896,0
data/thermal-1-filtered/train/images/002261_png.rf.208f9969d33816a0daceead9957d596b.jpg,1,11326,11326,0
data/thermal-1-filtered/train/images/003759_png.rf.e968f1b491644ee7fb8aeefeb02dc98d.jpg,1,18816,18816,0
data/thermal-1-filtered/train/images/002237_png.rf.2628b4c15551092294b725f2a5a224c3.jpg,1,11206,11206,0
data/thermal-1-filtered/train/images/003424_png.rf.8cf6d5b8d514a1a998bd1195b0ac0c36.jpg,1,17141,17141,0
data/thermal-1-filtered/train/images/002404_png.rf.22c2caca99c6d1100f9a96d1666303de.jpg,1,12041,12041,0
data/thermal-1-filtered/train/images/002802_png.rf.5f19233f20d1645bb7117be5e0f9db8a.jpg,1,14031,14031,0
data/thermal-1-filtered/train/images/002439_png.rf.23bb6b1dc2c3aadc3be280c0ac43212e.jpg,1,12216,12216,0
data/thermal-1-filtered/train/images/002809_png.rf.c4aaece1c117c15ee2cb4222b10a9c49.jpg,1,14066,14066,0
data/thermal-1-filtered/train/images/002559_png.rf.5187e1611d2089ac504177c9413c384e.jpg,1,12816,12816,0
data/thermal-1-filtered/train/images/003776_png.rf.16d8ae6d43db427382af52eea996b558.jpg,1,18901,18901,0
data/thermal-1-filtered/train/images/002743_png.rf.a3fe41f0b66ed36067035cc02d1426a6.jpg,1,13736,13736,0
data/thermal-1-filtered/train/images/002057_png.rf.91d640e78f90f55d3470de97c8944cc4.jpg,1,10306,10306,0
data/thermal-1-filtered/train/images/002728_png.rf.8fdb0a258f9466a77a5ddaca3e73363f.jpg,1,13661,13661,0
data/thermal-1-filtered/train/images/002212_png.rf.3f5bc56c86d809ac4afe94e87e25bece.jpg,1,11081,11081,0
data/thermal-1-filtered/train/images/003798_png.rf.728018f7f9076c57fa922267cf75a47f.jpg,1,19011,19011,0
data/thermal-1-filtered/train/images/002052_png.rf.67210459017a033040d784da1da97283.jpg,1,10281,10281,0
data/thermal-1-filtered/train/images/002394_png.rf.99cb2ddc06c034f7eef74dc0f326d0d7.jpg,1,11991,11991,0
data/thermal-1-filtered/train/images/003099_png.rf.1cca0e19cb1532b367af99be964f8157.jpg,1,15516,15516,0
data/thermal-1-filtered/train/images/000013_png.rf.52ed9417a4b5733fdfdd619f3648d3c5.jpg,1,66,66,0
data/thermal-1-filtered/train/images/002348_png.rf.5a25b4ca127ab16682d9a1cb28486341.jpg,1,11761,11761,0
data/thermal-1-filtered/train/images/002365_png.rf.46aa8a1fb703cd53dbcd5e3ce582b11b.jpg,1,11846,11846,0
data/thermal-1-filtered/train/images/002429_png.rf.1b00de56915c43eb5a2222242ea858fb.jpg,1,12166,12166,0
data/thermal-1-filtered/train/images/002808_png.rf.7a3986580c28417701389fdb24252c51.jpg,1,14061,14061,0
data/thermal-1-filtered/train/images/003964_png.rf.cdf0dfff2e224f8d144d1a6b7bde6507.jpg,1,19841,19841,0
data/thermal-1-filtered/train/images/002837_png.rf.90d4563ea202b0ff18d5822690d232e5.jpg,1,14206,14206,0
data/thermal-1-filtered/train/images/002829_png.rf.6034c9ef3bb64926227312ed5c212f2d.jpg,1,14166,14166,0
data/thermal-1-filtered/train/images/002286_png.rf.fe1d975d2d9c333fa70852fe8234667b.jpg,1,11451,11451,0
data/thermal-1-filtered/train/images/002835_png.rf.b5f8bf66ff8dfd407c0948bb4c7feece.jpg,1,14196,14196,0
data/thermal-1-filtered/train/images/002130_png.rf.a12239790be611487779aa0abcb378d1.jpg,1,10671,10671,0
data/thermal-1-filtered/train/images/003806_png.rf.d6f7d149feeeb21a4c1f6f299bb5fccd.jpg,1,19051,19051,0
data/thermal-1-filtered/train/images/003680_png.rf.6529cc41a6f08bb76330d5676d9ce9c7.jpg,1,18421,18421,0
data/thermal-1-filtered/train/images/001998_png.rf.06cc0d44473096956c160a1d05f086d0.jpg,1,10011,10011,0
data/thermal-1-filtered/train/images/002274_png.rf.26a5509b4671a49c31fe96c3d61a76a7.jpg,1,11391,11391,0
data/thermal-1-filtered/train/images/002393_png.rf.835edc9e74e2051eb5c240340c637bda.jpg,1,11986,11986,0
data/thermal-1-filtered/train/images/002506_png.rf.0b35ba55467aeba215c524cb292117f8.jpg,1,12551,12551,0
data/thermal-1-filtered/train/images/002203_png.rf.e59d4e999fa9812cdeb6994809aa235e.jpg,1,11036,11036,0
data/thermal-1-filtered/train/images/002838_png.rf.d538758861a36987bba447fb89bb2b60.jpg,1,14211,14211,0
data/thermal-1-filtered/train/images/003704_png.rf.8676d127a21b826cd8e7c5aa0b014841.jpg,1,18541,18541,0
data/thermal-1-filtered/train/images/002252_png.rf.3b61a9835fe88af7c6b9b5d6f9045b45.jpg,1,11281,11281,0
data/thermal-1-filtered/train/images/003710_png.rf.1ce2cd25d81236fe04b9a69163d6ce39.jpg,1,18571,18571,0
data/thermal-1-filtered/train/images/002042_png.rf.6ca459c850caf514443e8854d35d49b5.jpg,1,10231,10231,0
data/thermal-1-filtered/train/images/002740_png.rf.6c4f014ad4e49259d1afd72fbaca7974.jpg,1,13721,13721,0
data/thermal-1-filtered/train/images/002388_png.rf.932c311ce192a5e4db3c9fa0a1841c9d.jpg,1,11961,11961,0
data/thermal-1-filtered/train/images/003736_png.rf.12e0b2b4e4540fd756eac72edfc54242.jpg,1,18701,18701,0
data/thermal-1-filtered/train/images/002368_png.rf.c710f7704be9102cf21cefb122c6ca9e.jpg,1,11861,11861,0
data/thermal-1-filtered/train/images/003034_png.rf.1d8bef4e0b1e3521ffd19a55deab1018.jpg,1,15191,15191,0
data/thermal-1-filtered/train/images/002825_png.rf.9e4eed32c580731b3e963c51ca2e09d4.jpg,1,14146,14146,0
data/thermal-1-filtered/train/images/003810_png.rf.82a7c97cdb49c3fb18a6e5230b7ea84e.jpg,1,19071,19071,0
data/thermal-1-filtered/train/images/002669_png.rf.f6bc0e43ba7f678b986f50459a3d7da9.jpg,1,13366,13366,0
data/thermal-1-filtered/train/images/002614_png.rf.fcc20d5a4819639d4d05eb735cbd54d1.jpg,1,13091,13091,0
data/thermal-1-filtered/train/images/002021_png.rf.8f0c0d7eccac026b335995eb23c4b259.jpg,1,10126,10126,0
data/thermal-1-filtered/train/images/003536_png.rf.035a55fb0934562c1cb2f2d83b3b2c5e.jpg,1,17701,17701,0
data/thermal-1-filtered/train/images/002290_png.rf.19eef98e19e49ad492e9d049436648cb.jpg,1,11471,11471,0
data/thermal-1-filtered/train/images/003040_png.rf.33b2e02d67d66a3465d7110933550bdd.jpg,1,15221,15221,0
data/thermal-1-filtered/train/images/003714_png.rf.ad40f66f95902f1f62e3da8cf7a6494a.jpg,1,18591,18591,0
data/thermal-1-filtered/train/images/002334_png.rf.09b8242b291c48e4a7f2ec5f4b4698e6.jpg,1,11691,11691,0
data/thermal-1-filtered/train/images/002697_png.rf.3e3691b22809f18e6a5bbbb972a878a2.jpg,1,13506,13506,0
data/thermal-1-filtered/train/images/002708_png.rf.11332f3786dd99beca64ffa4e707de83.jpg,1,13561,13561,0
data/thermal-1-filtered/train/images/003797_png.rf.28aa5956ecf78a42dcddc9eb1d9efd81.jpg,1,19006,19006,0
data/thermal-1-filtered/train/images/003092_png.rf.4a909432b8d9e580ac67f81bcf25045d.jpg,1,15481,15481,0
data/thermal-1-filtered/train/images/002430_png.rf.4d7a994f05399905fcaed0c932993f1f.jpg,1,12171,12171,0
data/thermal-1-filtered/train/images/003087_png.rf.ccc705f4a89bf3aba362294f9f274897.jpg,1,15456,15456,0
data/thermal-1-filtered/train/images/003775_png.rf.92c71dd765d2d1ed4ea61754a7e50519.jpg,1,18896,18896,0
data/thermal-1-filtered/train/images/002058_png.rf.61684450aae155c650a71a515ba606b3.jpg,1,10311,10311,0
data/thermal-1-filtered/train/images/003019_png.rf.69f9fed3811f7531791de0cd6c957df3.jpg,1,15116,15116,0
data/thermal-1-filtered/train/images/002723_png.rf.f1f1e14d8baff20f7038357903b52c98.jpg,1,13636,13636,0
data/thermal-1-filtered/train/images/002215_png.rf.0176543d13f738b34a1f445255721bb2.jpg,1,11096,11096,0
data/thermal-1-filtered/train/images/003971_png.rf.ba69aa2b56bed9e6dce43deb2fd850f9.jpg,1,19876,19876,0
data/thermal-1-filtered/train/images/002369_png.rf.46d3d020c7bf4651e4e98600d2538205.jpg,1,11866,11866,0
data/thermal-1-filtered/train/images/002228_png.rf.ea2af0dabafecef40206de70ea9b2f61.jpg,1,11161,11161,0
data/thermal-1-filtered/train/images/002383_png.rf.42b0e3e78b3bb7b6ad40ac3343a38af3.jpg,1,11936,11936,0
data/thermal-1-filtered/train/images/002416_png.rf.3948c9faf568d2963e470a6f12f172d3.jpg,1,12101,12101,0
data/thermal-1-filtered/train/images/002297_png.rf.b635d7efcd03a83763e49a4bb7c44733.jpg,1,11506,11506,0
data/thermal-1-filtered/train/images/002414_png.rf.3689770cef96a1db4056fc611f68f6b8.jpg,1,12091,12091,0
data/thermal-1-filtered/train/images/003800_png.rf.993eac6b69833210ee8a1c43559b723d.jpg,1,19021,19021,0
data/thermal-1-filtered/train/images/003060_png.rf.e2b1836f3553e503c6d23e7b563234de.jpg,1,15321,15321,0
data/thermal-1-filtered/train/images/003807_png.rf.723614ff460dfd1d8c733740e61d400f.jpg,1,19056,19056,0
data/thermal-1-filtered/train/images/002039_png.rf.222aabdda02992ac3ef9ead3d00a97a1.jpg,1,10216,10216,0
data/thermal-1-filtered/train/images/003723_png.rf.14d7fce828cb511d2529227a35181952.jpg,1,18636,18636,0
data/thermal-1-filtered/train/images/002786_png.rf.5e75fac2cf11bdbbe5a987eb4494960b.jpg,1,13951,13951,0
data/thermal-1-filtered/train/images/002776_png.rf.904b996cf368c8989a9ec03aac019686.jpg,1,13901,13901,0
data/thermal-1-filtered/train/images/002387_png.rf.b5e0e61b677a7bad276a5c9254f51ffc.jpg,1,11956,11956,0
data/thermal-1-filtered/train/images/002731_png.rf.859e3aeb24918d71f0903f2b87bb1aa0.jpg,1,13676,13676,0
data/thermal-1-filtered/train/images/002958_png.rf.cbdb84678fefb959d120f35a28dc4397.jpg,1,14811,14811,0
data/thermal-1-filtered/train/images/002784_png.rf.f15582f5dbcafdbdb478aedfde95e6ca.jpg,1,13941,13941,0
data/thermal-1-filtered/train/images/002050_png.rf.0244ed2f15cb95f4e440d520c8bfa7c6.jpg,1,10271,10271,0
data/thermal-1-filtered/train/images/002790_png.rf.053f1d744ac56a22150be6d799376c5b.jpg,1,13971,13971,0
data/thermal-1-filtered/train/images/002732_png.rf.75861ef9a5bdf031b0ad7f4b7d33080c.jpg,1,13681,13681,0
data/thermal-1-filtered/train/images/002418_png.rf.1ac02d33ef684edacfde1b3fd178a7ef.jpg,1,12111,12111,0
data/thermal-1-filtered/train/images/002709_png.rf.180cf9d9dcb7ee0f770a3c0746c2c16a.jpg,1,13566,13566,0
data/thermal-1-filtered/train/images/003809_png.rf.af6339eb6164ab61dc4aaf9949a55c0e.jpg,1,19066,19066,0
data/thermal-1-filtered/train/images/002804_png.rf.501308425cb434c10394b55743009284.jpg,1,14041,14041,0
data/thermal-1-filtered/train/images/002296_png.rf.2c2dfc1ab6eb02d34a5b15ff7dc50696.jpg,1,11501,11501,0
data/thermal-1-filtered/train/images/003811_png.rf.083b9fd6ca742bc0a2c11def4ae89510.jpg,1,19076,19076,0
data/thermal-1-filtered/train/images/003745_png.rf.72ba475852cda5caea066224b1bb98b7.jpg,1,18746,18746,0
data/thermal-1-filtered/train/images/002440_png.rf.014034ffe82346a36a24905996cfd738.jpg,1,12221,12221,0
data/thermal-1-filtered/train/images/003423_png.rf.5f8e0cec9fdb13db664262091717e9cc.jpg,1,17136,17136,0
data/thermal-1-filtered/train/images/002833_png.rf.039fa2c1e601a9b8975bb2ec3e807d18.jpg,1,14186,14186,0
data/thermal-1-filtered/train/images/003042_png.rf.221458d41a8ffb07deef9a93b3e6d768.jpg,1,15231,15231,0
data/thermal-1-filtered/train/images/002713_png.rf.28c388863898d759cbad45499a07f435.jpg,1,13586,13586,0
data/thermal-1-filtered/train/images/002343_png.rf.631556f8b34f8235b9d847b133bf375e.jpg,1,11736,11736,0
data/thermal-1-filtered/train/images/003906_png.rf.ab8a9b04ce8073e3e930ce6f083e24ec.jpg,1,19551,19551,0
data/thermal-1-filtered/train/images/003801_png.rf.76ee7c119d6ce1d32e99db7c61110d7c.jpg,1,19026,19026,0
data/thermal-1-filtered/train/images/001992_png.rf.6d1d22a11548182df9b74ddc991ddb71.jpg,1,9981,9981,0
data/thermal-1-filtered/train/images/002422_png.rf.736b32026dff76934493e3c640e8d63f.jpg,1,12131,12131,0
data/thermal-1-filtered/train/images/002254_png.rf.c45fd8b862a48acc620f7fcde2110d39.jpg,1,11291,11291,0
data/thermal-1-filtered/train/images/003814_png.rf.fc349a59990e3a78d43a592bbeb21803.jpg,1,19091,19091,0
data/thermal-1-filtered/train/images/002239_png.rf.67d77bfeadf6c5308e1afd9c4c0826d8.jpg,1,11216,11216,0
data/thermal-1-filtered/train/images/002217_png.rf.7053b430509a30d2268a1391fa43cc2b.jpg,1,11106,11106,0
data/thermal-1-filtered/train/images/002062_png.rf.074b1eca1c0e49873da4a0e44417b273.jpg,1,10331,10331,0
data/thermal-1-filtered/train/images/003030_png.rf.0079047261f96121f5ede6dc1bd37ae2.jpg,1,15171,15171,0
data/thermal-1-filtered/train/images/002396_png.rf.ce744582152c8d4a3b1676bd5c818214.jpg,1,12001,12001,0
data/thermal-1-filtered/train/images/002747_png.rf.66d1a8369e468a9433eac86973c6e7c1.jpg,1,13756,13756,0
data/thermal-1-filtered/train/images/003038_png.rf.16046f35926c48dec1722028300ed8f5.jpg,1,15211,15211,0
data/thermal-1-filtered/train/images/002830_png.rf.41f838831efa1ea06d3ece9828573586.jpg,1,14171,14171,0
data/thermal-1-filtered/train/images/003769_png.rf.d2fadad33fa84cb278d6ce493a1c9b5b.jpg,1,18866,18866,0
data/thermal-1-filtered/train/images/002283_png.rf.29a9820fa624860ad6472e7d706e3db6.jpg,1,11436,11436,0
data/thermal-1-filtered/train/images/003781_png.rf.fe8a5543c30471bd1502ba1070815940.jpg,1,18926,18926,0
data/thermal-1-filtered/train/images/002691_png.rf.71324221ba391437c47d32dfd630336b.jpg,1,13476,13476,0
data/thermal-1-filtered/train/images/003429_png.rf.5e067b387db1f874bf1da87d545fd91a.jpg,1,17166,17166,0
data/thermal-1-filtered/train/images/003856_png.rf.6493f4ad708c2a359c33f02c16f08a42.jpg,1,19301,19301,0
data/thermal-1-filtered/train/images/002397_png.rf.c4b4a7d7804bfd62470ac686c35fd883.jpg,1,12006,12006,0
data/thermal-1-filtered/train/images/000006_png.rf.5bdb4e697079cf8d544a078148a5b2e2.jpg,1,31,31,0
data/thermal-1-filtered/train/images/002667_png.rf.59f94ef0fa64d3c5f482c35584db7986.jpg,1,13356,13356,0
data/thermal-1-filtered/train/images/003544_png.rf.2d8a7f80913b60eaa2aaa65b0300adb9.jpg,1,17741,17741,0
data/thermal-1-filtered/train/images/002051_png.rf.c8d6b968f00e47beee89cbc1ce779918.jpg,1,10276,10276,0
data/thermal-1-filtered/train/images/002251_png.rf.509df9a0d0512e20313554542362c652.jpg,1,11276,11276,0
data/thermal-1-filtered/train/images/002332_png.rf.5fd80a38bbaeb385cf90b884210d7af7.jpg,1,11681,11681,0
data/thermal-1-filtered/train/images/002806_png.rf.ad5830d58fb7588d8fb66ca3d5bd0d2f.jpg,1,14051,14051,0
data/thermal-1-filtered/train/images/003023_png.rf.81bc62c805fabcab20228a719ecef922.jpg,1,15136,15136,0
data/thermal-1-filtered/train/images/002038_png.rf.6fa81181f510b0cc0b03f4332edb0c78.jpg,1,10211,10211,0
data/thermal-1-filtered/train/images/002288_png.rf.ed8489a830897b17fce20b1ea1dfd872.jpg,1,11461,11461,0
data/thermal-1-filtered/train/images/002827_png.rf.85f7eb02fd135ee4e02958bb6598e33b.jpg,1,14156,14156,0
data/thermal-1-filtered/train/images/003808_png.rf.fdad6ce6082ba06a312d4aa83167e350.jpg,1,19061,19061,0
data/thermal-1-filtered/train/images/001511_png.rf.9fb5f42b3722093a19e065c945f34e06.jpg,1,7566,7566,0
data/thermal-1-filtered/train/images/002562_png.rf.778900d71c573139724c24ad87d714b4.jpg,1,12831,12831,0
data/thermal-1-filtered/train/images/002676_png.rf.8dec282528e0dbe8c75c46069d0f025a.jpg,1,13401,13401,0
data/thermal-1-filtered/train/images/002049_png.rf.2d4b3237da8640151dee3871639586fa.jpg,1,10266,10266,0
data/thermal-1-filtered/train/images/002505_png.rf.5c9429e8bef2c97add540cdb9e53840e.jpg,1,12546,12546,0
data/thermal-1-filtered/train/images/002722_png.rf.ec259b66b5391c2a32885e458786996d.jpg,1,13631,13631,0
data/thermal-1-filtered/train/images/001656_png.rf.5fd8041fb4837066be3f31dfd1fb8c1e.jpg,1,8291,8291,0
data/thermal-1-filtered/train/images/002007_png.rf.ca82f8d471d3d39e93562f88f7d82e26.jpg,1,10056,10056,0
data/thermal-1-filtered/train/images/002000_png.rf.f45ad4d6af70e541c4852773b02de8a0.jpg,1,10021,10021,0
data/thermal-1-filtered/train/images/002764_png.rf.b8fe8b9c5a49938f66a45253c40e14c8.jpg,1,13841,13841,0
data/thermal-1-filtered/train/images/002714_png.rf.4a4f880cb3ac9d3129c425c40895bc10.jpg,1,13591,13591,0
data/thermal-1-filtered/train/images/002557_png.rf.e1fe70d218daca47d6a7ea48a388ba46.jpg,1,12806,12806,0
data/thermal-1-filtered/train/images/002840_png.rf.705acc7e1fca77227dc0527b4fe506a8.jpg,1,14221,14221,0
data/thermal-1-filtered/train/images/003067_png.rf.43d90bf7f9bc7f04396a5449257dafaf.jpg,1,15356,15356,0
data/thermal-1-filtered/train/images/002213_png.rf.bc96b14abbca53d924e47cb87ee5fe84.jpg,1,11086,11086,0
data/thermal-1-filtered/train/images/003057_png.rf.e97effe9f608c939209849455d5eb09c.jpg,1,15306,15306,0
data/thermal-1-filtered/train/images/001793_png.rf.734589665957f3a0810c45d864d09bf6.jpg,1,8986,8986,0
data/thermal-1-filtered/train/images/002096_png.rf.b9f5a8f6d54632046da77d6a2b84cc56.jpg,1,10501,10501,0
data/thermal-1-filtered/train/images/002041_png.rf.97c4c966db9639913713aadba7bbd089.jpg,1,10226,10226,0
data/thermal-1-filtered/train/images/002962_png.rf.1583aac64aa03892874dcd30cd63a666.jpg,1,14831,14831,0
data/thermal-1-filtered/train/images/002739_png.rf.6198edcf79339e0e234a06869f3c67c6.jpg,1,13716,13716,0
data/thermal-1-filtered/train/images/003716_png.rf.ade37d47ddd20988118dd92840a65536.jpg,1,18601,18601,0
data/thermal-1-filtered/train/images/002431_png.rf.ed290acde098c2cbf02027849e52779d.jpg,1,12176,12176,0
data/thermal-1-filtered/train/images/003691_png.rf.bd5b1bb5adf1c44434b58fb752f84b01.jpg,1,18476,18476,0
data/thermal-1-filtered/train/images/002265_png.rf.dc1c67f4c0cc5d4a852ccbeb85e69e7b.jpg,1,11346,11346,0
data/thermal-1-filtered/train/images/002664_png.rf.9b36f4c6c44f2a7a2932f64118642b2f.jpg,1,13341,13341,0
data/thermal-1-filtered/train/images/001982_png.rf.a056b89b2645ef3491ac38915fefe9bb.jpg,1,9931,9931,0
data/thermal-1-filtered/train/images/003766_png.rf.6a55aa7308091125e18cae67d7909275.jpg,1,18851,18851,0
data/thermal-1-filtered/train/images/003701_png.rf.8f773886fa0cbfdff9552c67e6490b69.jpg,1,18526,18526,0
data/thermal-1-filtered/train/images/002389_png.rf.a69327a696d48cff59671b8ef61439d9.jpg,1,11966,11966,0
data/thermal-1-filtered/train/images/003730_png.rf.3b2f32eda1181e74d0d529d0efb854d4.jpg,1,18671,18671,0
data/thermal-1-filtered/train/images/002796_png.rf.d05c65497a24f9f77c6a5d13e271b8fa.jpg,1,14001,14001,0
data/thermal-1-filtered/train/images/003025_png.rf.54b8a2803a8f1c21fb0916915d9136d7.jpg,1,15146,15146,0
data/thermal-1-filtered/train/images/003054_png.rf.ee101dad7ebc4a0c51e3f09a237845d1.jpg,1,15291,15291,0
data/thermal-1-filtered/train/images/002271_png.rf.87a90bce101b234d076ebfef447c9788.jpg,1,11376,11376,0
data/thermal-1-filtered/train/images/002689_png.rf.5c571ffd6089f255a69f0967f0ada050.jpg,1,13466,13466,0
data/thermal-1-filtered/train/images/002238_png.rf.4f80959484b8bcfc5f95d24c60fd8b65.jpg,1,11211,11211,0
data/thermal-1-filtered/train/images/002395_png.rf.8c6d51c1263e5d35cd437c3c597fd46b.jpg,1,11996,11996,0
data/thermal-1-filtered/train/images/001668_png.rf.42012e49fed967f56e1e2450a6956ea1.jpg,1,8351,8351,0
data/thermal-1-filtered/train/images/002681_png.rf.12a093337addc51d063e23a5c7e39a1f.jpg,1,13426,13426,0
data/thermal-1-filtered/train/images/001999_png.rf.98ead2a6104a6545fff9ab04b9b3fa37.jpg,1,10016,10016,0
data/thermal-1-filtered/train/images/002685_png.rf.431d1db366c2700f875b020c3b5df49a.jpg,1,13446,13446,0
data/thermal-1-filtered/train/images/002778_png.rf.d3d55060739a918d1dafd422987dee7b.jpg,1,13911,13911,0
data/thermal-1-filtered/train/images/003727_png.rf.a321d3cb5b1da287f1e180b1de9106fb.jpg,1,18656,18656,0
data/thermal-1-filtered/train/images/001670_png.rf.9ee21c444ddd86ed7dfc464dd2c7d91c.jpg,1,8361,8361,0
data/thermal-1-filtered/train/images/002749_png.rf.4f5f2562c6eacafabf456a5104af3240.jpg,1,13766,13766,0
data/thermal-1-filtered/train/images/002220_png.rf.376d194eae88df65ed2b19d4cbd04706.jpg,1,11121,11121,0
data/thermal-1-filtered/train/images/003086_png.rf.a591e2165b2cc09ee74128c1d4845db4.jpg,1,15451,15451,0
data/thermal-1-filtered/train/images/002432_png.rf.cf489582199a7f01aa7209a2fe82b66a.jpg,1,12181,12181,0
data/thermal-1-filtered/train/images/002834_png.rf.8d5210a34d97134862429c546af2d0a2.jpg,1,14191,14191,0
data/thermal-1-filtered/train/images/003039_png.rf.686b515ed1408c1304c8038fd842c61e.jpg,1,15216,15216,0
data/thermal-1-filtered/train/images/002946_png.rf.972f80a9f50ee5091cca03aad066d3a8.jpg,1,14751,14751,0
data/thermal-1-filtered/train/images/003102_png.rf.594209672be6ff593aec6317810b3db6.jpg,1,15531,15531,0
data/thermal-1-filtered/train/images/002453_png.rf.1a1a6606ad2a1f99e6b1196fdb0b32c9.jpg,1,12286,12286,0
data/thermal-1-filtered/train/images/002817_png.rf.a15d64d9a110ff4e8c4d1eddee315f9b.jpg,1,14106,14106,0
data/thermal-1-filtered/train/images/003022_png.rf.21e1ed1f8a2db19dc89e9047888425b6.jpg,1,15131,15131,0
data/thermal-1-filtered/train/images/002374_png.rf.c1a043a28cb6e57646945a94bcd0fea8.jpg,1,11891,11891,0
data/thermal-1-filtered/train/images/002048_png.rf.83e349857e86cac84edce5829fe7ad67.jpg,1,10261,10261,0
data/thermal-1-filtered/train/images/001513_png.rf.4d5e82f29af13236a769ddfcc2cec4b1.jpg,1,7576,7576,0
data/thermal-1-filtered/train/images/003100_png.rf.a74044cdd7706886297a63e64902d538.jpg,1,15521,15521,0
data/thermal-1-filtered/train/images/002774_png.rf.55e832981fbf0d024d9faf5f5bef7f19.jpg,1,13891,13891,0
data/thermal-1-filtered/train/images/002223_png.rf.f3da3d7e18a6b7ea30c06e6b93ba7ea3.jpg,1,11136,11136,0
data/thermal-1-filtered/train/images/002162_png.rf.2c791923dce63168e80c435dbb71d394.jpg,1,10831,10831,0
data/thermal-1-filtered/train/images/003794_png.rf.7c6fccec467b14864786af7bd897f975.jpg,1,18991,18991,0
data/thermal-1-filtered/train/images/002292_png.rf.a382574181af7e6dcd8f3055bc214476.jpg,1,11481,11481,0
data/thermal-1-filtered/train/images/002059_png.rf.c81b5dfa53c759d445ca8b19930e341f.jpg,1,10316,10316,0
data/thermal-1-filtered/train/images/002032_png.rf.e9eefceecce6955d64d8c73589c3409b.jpg,1,10181,10181,0
data/thermal-1-filtered/train/images/003905_png.rf.f8c7fd35adf2a0a968c47956930d8210.jpg,1,19546,19546,0
data/thermal-1-filtered/train/images/002742_png.rf.527bd3a396c340517c0e7f85a74653b8.jpg,1,13731,13731,0
data/thermal-1-filtered/train/images/002336_png.rf.b8d5f3641c3f5eac561c9fe42b3abe5a.jpg,1,11701,11701,0
data/thermal-1-filtered/train/images/002403_png.rf.ec625dceda0eca34301c49ddf7e10f77.jpg,1,12036,12036,0
data/thermal-1-filtered/train/images/000009_png.rf.a1390705f72d2f605190edbb64a9e399.jpg,1,46,46,0
data/thermal-1-filtered/train/images/002733_png.rf.2ae1083b848eaf2ab3d39ba500c94974.jpg,1,13686,13686,0
data/thermal-1-filtered/train/images/002056_png.rf.04c9f12db96830c8bfe761b2e8f0fbce.jpg,1,10301,10301,0
data/thermal-1-filtered/train/images/002074_png.rf.cfa3226b88d44569c420514b7a5615cd.jpg,1,10391,10391,0
data/thermal-1-filtered/train/images/002291_png.rf.5755a52b526e65c35130b8af0fa1e5aa.jpg,1,11476,11476,0
data/thermal-1-filtered/train/images/002794_png.rf.c438068bae39e586fa327c964fbc5103.jpg,1,13991,13991,0
data/thermal-1-filtered/train/images/002707_png.rf.e1b13bd5435e9b9c4299c3b47c4ae1a7.jpg,1,13556,13556,0
data/thermal-1-filtered/train/images/001996_png.rf.15b4444d9ed8c7f1f0008d4f2e066227.jpg,1,10001,10001,0
data/thermal-1-filtered/train/images/002819_png.rf.a2d7340fd4e78d6d3fe5837e89377f73.jpg,1,14116,14116,0
data/thermal-1-filtered/train/images/002770_png.rf.75cc422c326b15142c8566cb33a3b374.jpg,1,13871,13871,0
data/thermal-1-filtered/train/images/002725_png.rf.686bcbdce810a8b4403e7ec3955a8ac7.jpg,1,13646,13646,0
data/thermal-1-filtered/train/images/001994_png.rf.df842d08b3c22716596b9f0d23b821d7.jpg,1,9991,9991,0
data/thermal-1-filtered/train/images/002250_png.rf.66b1f4c8fa39436b6a50aa2559a8b5c5.jpg,1,11271,11271,0
data/thermal-1-filtered/train/images/002589_png.rf.c5d72bc3075709cb1bc989c6bb8c1b69.jpg,1,12966,12966,0
data/thermal-1-filtered/train/images/003802_png.rf.aeae08686f946ede952e0f748b39524e.jpg,1,19031,19031,0
data/thermal-1-filtered/train/images/003700_png.rf.c1c84e0214e3449bdc64d31199f7195a.jpg,1,18521,18521,0
data/thermal-1-filtered/train/images/003754_png.rf.81d198977e225b1f6f8a0546dc069cd5.jpg,1,18791,18791,0
data/thermal-1-filtered/train/images/001986_png.rf.7061b89c1b2cd5919a8a0dab02251a6b.jpg,1,9951,9951,0
data/thermal-1-filtered/train/images/003804_png.rf.bbebf77c75c19a760fcecc3a2d017ed7.jpg,1,19041,19041,0
data/thermal-1-filtered/train/images/002275_png.rf.f97888e203027491b36d75232725bc3e.jpg,1,11396,11396,0
data/thermal-1-filtered/train/images/002298_png.rf.42834b54b2caef52444365f54d9e7864.jpg,1,11511,11511,0
data/thermal-1-filtered/train/images/003050_png.rf.4325b76edca428a95d55a4f3cc3d9454.jpg,1,15271,15271,0
data/thermal-1-filtered/train/images/002230_png.rf.580b63de21955100c33939a6277cccf3.jpg,1,11171,11171,0
data/thermal-1-filtered/train/images/002287_png.rf.c9cf9ddcf668dcc47584421695fe5a97.jpg,1,11456,11456,0
data/thermal-1-filtered/train/images/000005_png.rf.81b3929181efd4e49664da252580ca6b.jpg,1,26,26,0
data/thermal-1-filtered/train/images/002071_png.rf.d73fc80dc12c87857fec4e370530fa15.jpg,1,10376,10376,0
data/thermal-1-filtered/train/images/002952_png.rf.d9d128f75b2aca082a193f3c41adca7f.jpg,1,14781,14781,0
data/thermal-1-filtered/train/images/002253_png.rf.b811a7c461dc3d16d45c738b53266bd9.jpg,1,11286,11286,0
data/thermal-1-filtered/train/images/002726_png.rf.a53d48682cdeaf2413c8d8106f9f1652.jpg,1,13651,13651,0
data/thermal-1-filtered/train/images/002741_png.rf.29da85881d3c369ab266521a230c56ba.jpg,1,13726,13726,0
data/thermal-1-filtered/train/images/002227_png.rf.e756cf011e9aa5a1d443079044c97494.jpg,1,11156,11156,0
data/thermal-1-filtered/train/images/002371_png.rf.7d3e9b33a3bbc47351b2d910cdc717f9.jpg,1,11876,11876,0
data/thermal-1-filtered/train/images/002378_png.rf.e07c751819840b6c324c6dad1e22c152.jpg,1,11911,11911,0
data/thermal-1-filtered/train/images/002710_png.rf.40116403f82f4305cd362fa54d1ea64c.jpg,1,13571,13571,0
data/thermal-1-filtered/train/images/002356_png.rf.2de474593e8c51df7e46edf4a7a0c43c.jpg,1,11801,11801,0
data/thermal-1-filtered/train/images/002529_png.rf.e1f7ca0a504efb9e310618c8490f31a0.jpg,1,12666,12666,0
data/thermal-1-filtered/train/images/003032_png.rf.f983b6ff8a8875a058c1bd3da9a6fdde.jpg,1,15181,15181,0
data/thermal-1-filtered/train/images/003026_png.rf.ae862926b706cb12b3e7ec6176014319.jpg,1,15151,15151,0
data/thermal-1-filtered/train/images/002079_png.rf.234b5c78aae46596919b798eadecac2a.jpg,1,10416,10416,0
data/thermal-1-filtered/train/images/002822_png.rf.3a9dbe728b3d52ceb2a03c2a7aa6a7f0.jpg,1,14131,14131,0
data/thermal-1-filtered/train/images/000010_png.rf.4f3c476f1ba1c9a663ec466a8d99237b.jpg,1,51,51,0
data/thermal-1-filtered/train/images/001669_png.rf.fcc6f3c7b41d2b7beb17f3f0855cd055.jpg,1,8356,8356,0
data/thermal-1-filtered/train/images/002780_png.rf.390265d12d6d7993577b28b29f157d25.jpg,1,13921,13921,0
data/thermal-1-filtered/train/images/002073_png.rf.07130d8419409d296544fb832bb38713.jpg,1,10386,10386,0
data/thermal-1-filtered/train/images/003018_png.rf.26c4404091c136fd5c63822e58c0ed82.jpg,1,15111,15111,0
data/thermal-1-filtered/train/images/002077_png.rf.b3a4a6060522adf785a7df6a98c005d9.jpg,1,10406,10406,0
data/thermal-1-filtered/train/images/003048_png.rf.04bb7c76c19af0a550e566fa28895a22.jpg,1,15261,15261,0
data/thermal-1-filtered/train/images/002540_png.rf.9a371b88b0daf75d84d8574297681e28.jpg,1,12721,12721,0
data/thermal-1-filtered/train/images/002207_png.rf.ef3533ff3c2ab70aa13fb35fc2d42559.jpg,1,11056,11056,0
data/thermal-1-filtered/train/images/003093_png.rf.b08aa33db7059af57dc263a9ca0b830d.jpg,1,15486,15486,0
data/thermal-1-filtered/train/images/002419_png.rf.8f606fe3b98b32e4e51743675dcd48f7.jpg,1,12116,12116,0
data/thermal-1-filtered/train/images/002233_png.rf.6a58d0fd46c381f46f6c82331426d658.jpg,1,11186,11186,0
data/thermal-1-filtered/train/images/002270_png.rf.8340c6da17b22e7a17c3cc098065680f.jpg,1,11371,11371,0
data/thermal-1-filtered/train/images/003486_png.rf.95765f781004b6e9606f8a2ec3942a5a.jpg,1,17451,17451,0
data/thermal-1-filtered/train/images/003046_png.rf.47ce20e21fa70df1675e5b016c758f2c.jpg,1,15251,15251,0
data/thermal-1-filtered/train/images/003815_png.rf.5ebb224c2e54a6e4dddd11b9394b6dcd.jpg,1,19096,19096,0
data/thermal-1-filtered/train/images/002674_png.rf.5a6c508bd0d767c03e32f8ae75d2de8f.jpg,1,13391,13391,0
data/thermal-1-filtered/train/images/002805_png.rf.f0818518bbf4a3609971d72a7e4aa0e6.jpg,1,14046,14046,0
data/thermal-1-filtered/train/images/002831_png.rf.2afcddfaa5805bb094208ec1c5346a20.jpg,1,14176,14176,0
data/thermal-1-filtered/train/images/002164_png.rf.b14fd3c8b365ea2a75aaec45f2edbda1.jpg,1,10841,10841,0
data/thermal-1-filtered/train/images/002202_png.rf.ca2fed2ced42e6d2539a575d9d5226a7.jpg,1,11031,11031,0
data/thermal-1-filtered/train/images/003095_png.rf.18647540ef58c3b2ba15d93793c92cf8.jpg,1,15496,15496,0
data/thermal-1-filtered/train/images/002018_png.rf.8cae9c47c43f25f12635e389c3934dad.jpg,1,10111,10111,0
data/thermal-1-filtered/train/images/002030_png.rf.33cddb22d7cab761e72d8dfabedea1e5.jpg,1,10171,10171,0
data/thermal-1-filtered/train/images/002331_png.rf.b95a4e24ed9a2b7bf7a51c60ff14471d.jpg,1,11676,11676,0
data/thermal-1-filtered/train/images/000012_png.rf.b93f6262bc5c9f949f0c957533997e1e.jpg,1,61,61,0
data/thermal-1-filtered/train/images/002210_png.rf.9bdd5f3396559e4816de35ba73c93ce7.jpg,1,11071,11071,0
data/thermal-1-filtered/train/images/002027_png.rf.3a048d5227bee42abd9cabd655e3de16.jpg,1,10156,10156,0
data/thermal-1-filtered/train/images/001981_png.rf.59acaba645b5847f1bb104cd23514647.jpg,1,9926,9926,0
data/thermal-1-filtered/train/images/002285_png.rf.d386387e46e89a5d390e7424a36f4d28.jpg,1,11446,11446,0
data/thermal-1-filtered/train/images/003753_png.rf.25c251ebcf9d69c48208bb3a30b30278.jpg,1,18786,18786,0
data/thermal-1-filtered/train/images/002744_png.rf.3fe218ef84b04bc417646c8c3cb9ab67.jpg,1,13741,13741,0
data/thermal-1-filtered/train/images/002687_png.rf.6d8334d482ea6eaf04827268217473a6.jpg,1,13456,13456,0
data/thermal-1-filtered/train/images/002773_png.rf.b8abe3844ea30a4089959671a5a905d2.jpg,1,13886,13886,0
data/thermal-1-filtered/train/images/002717_png.rf.d2be79440cc935c3deb8c59a0b01b263.jpg,1,13606,13606,0
data/thermal-1-filtered/train/images/003036_png.rf.5ccdddc7c00b4d0025562c2d44e49201.jpg,1,15201,15201,0
data/thermal-1-filtered/train/images/002727_png.rf.5d0791a016133b7d3ca49e1803ad4ad5.jpg,1,13656,13656,0
data/thermal-1-filtered/train/images/002820_png.rf.4b27f733b3b602d09624ee3993dbb056.jpg,1,14121,14121,0
data/thermal-1-filtered/train/images/003428_png.rf.df6fec1dc2473eb35c50e3e27dda4904.jpg,1,17161,17161,0
data/thermal-1-filtered/train/images/002264_png.rf.04fde4d62a49a8781d1479974b8e6673.jpg,1,11341,11341,0
data/thermal-1-filtered/train/images/002063_png.rf.7706c6af591c2c6af822081c7b979d0f.jpg,1,10336,10336,0
data/thermal-1-filtered/train/images/002031_png.rf.2f0304c6a2a9c3da51ae585bb95d85f2.jpg,1,10176,10176,0
data/thermal-1-filtered/train/images/002345_png.rf.346d5f3524c37fa8537efa50e737ccbe.jpg,1,11746,11746,0
data/thermal-1-filtered/train/images/003083_png.rf.00579e00753638dd1531972cf042882f.jpg,1,15436,15436,0
data/thermal-1-filtered/train/images/002441_png.rf.d4c89b50bd3f1314acd4c553af8945c3.jpg,1,12226,12226,0
data/thermal-1-filtered/train/images/002781_png.rf.0f60d83b07fb13035a6815579190ac09.jpg,1,13926,13926,0
data/thermal-1-filtered/train/images/003044_png.rf.6f5b67566a582fa9172b88b542fc01aa.jpg,1,15241,15241,0
data/thermal-1-filtered/train/images/002028_png.rf.faaeb194c877a631b1ac4f56a0adcb96.jpg,1,10161,10161,0
data/thermal-1-filtered/train/images/001512_png.rf.ce24341693ef64382eb0f13880dfec3e.jpg,1,7571,7571,0
data/thermal-1-filtered/train/images/002745_png.rf.4fc97b6f71c800d6803e77bc39ee1445.jpg,1,13746,13746,0
data/thermal-1-filtered/train/images/003420_png.rf.c35b2e15f8ed34e839c9ae4edf6e6e46.jpg,1,17121,17121,0
data/thermal-1-filtered/train/images/002016_png.rf.d66523cdc7d642d931c55e35faef2d22.jpg,1,10101,10101,0
data/thermal-1-filtered/train/images/003791_png.rf.0cd98c4669cb3430748e8f58775f36b1.jpg,1,18976,18976,0
data/thermal-1-filtered/train/images/002289_png.rf.a872b6664e9bef6017e626fa6510d325.jpg,1,11466,11466,0
data/thermal-1-filtered/train/images/002693_png.rf.f667301cc5ed043660f0efdbeb47199a.jpg,1,13486,13486,0
data/thermal-1-filtered/train/images/002272_png.rf.cb1dee26dc845bedb7daa34ac9be8e26.jpg,1,11381,11381,0
data/thermal-1-filtered/train/images/002777_png.rf.5d135a0e6e71dc3336b4544d9749bf5a.jpg,1,13906,13906,0
data/thermal-1-filtered/train/images/002053_png.rf.a4bec05b62b2c3a2892e11f23b6a1384.jpg,1,10286,10286,0
data/thermal-1-filtered/train/images/003818_png.rf.369863a114325d8fc9bad8c90633be75.jpg,1,19111,19111,0
data/thermal-1-filtered/train/images/002748_png.rf.7d6abbdafa87f2bd8ce0ebba579330b7.jpg,1,13761,13761,0
data/thermal-1-filtered/train/images/003430_png.rf.f742f6d530eadc61029c1aba108f017f.jpg,1,17171,17171,0
data/thermal-1-filtered/train/images/002512_png.rf.b64e4786f42fe0526ecdd8c39181a827.jpg,1,12581,12581,0
data/thermal-1-filtered/train/images/002716_png.rf.7a20667322b96e3e15490d806be7e99d.jpg,1,13601,13601,0
data/thermal-1-filtered/train/images/002208_png.rf.898a191a3c4e2ee29e79333727ed657f.jpg,1,11061,11061,0
data/thermal-1-filtered/train/images/003914_png.rf.214cdf58ddd9cdb6cf34533faafebbfb.jpg,1,19591,19591,0
data/thermal-1-filtered/train/images/003098_png.rf.0f390e83307f2263f58bbbe74bec8671.jpg,1,15511,15511,0
data/thermal-1-filtered/train/images/003024_png.rf.1d663c71224d5ad84115907ec22c856d.jpg,1,15141,15141,0
data/thermal-1-filtered/train/images/002828_png.rf.2ffdd316dbccd5eb98ef763adb7ddc57.jpg,1,14161,14161,0
data/thermal-1-filtered/train/images/002718_png.rf.9acd0ffedb6605158dca64bcb6a31553.jpg,1,13611,13611,0
data/thermal-1-filtered/train/images/003910_png.rf.004de3508493f65e566548a98420f6e1.jpg,1,19571,19571,0
data/thermal-1-filtered/train/images/002065_png.rf.fb3a210515c54f64945d35e0c5b60fad.jpg,1,10346,10346,0
data/thermal-1-filtered/train/images/002719_png.rf.b85652c4c57ae52d21e9bfa9bc1e0939.jpg,1,13616,13616,0
data/thermal-1-filtered/train/images/003805_png.rf.26b2c05063e2eb1cbda5a7ff923888b3.jpg,1,19046,19046,0
data/thermal-1-filtered/train/images/002435_png.rf.2a9308dea981575be6501773efee76d9.jpg,1,12196,12196,0
data/thermal-1-filtered/train/images/000007_png.rf.4e0be2dec73fe3778da06b4028b6d4fc.jpg,1,36,36,0
data/thermal-1-filtered/train/images/003828_png.rf.241bb5245b543bc75d2ec0c8fc75b9d0.jpg,1,19161,19161,0
data/thermal-1-filtered/train/images/002045_png.rf.e0573ac9649925f9850636e56ad8b963.jpg,1,10246,10246,0
data/thermal-1-filtered/train/images/002552_png.rf.bf2d52f62c23578780674a40bbfbb220.jpg,1,12781,12781,0
data/thermal-1-filtered/train/images/002818_png.rf.2186a5dd5966c9c94aeb5dd2e59b0e69.jpg,1,14111,14111,0
data/thermal-1-filtered/train/images/003838_png.rf.4a9216e01775afe2a70bbbf93d1e3340.jpg,1,19211,19211,0
data/thermal-1-filtered/train/images/002793_png.rf.91f805f2e1bdf5e55890c9b13c9f85bc.jpg,1,13986,13986,0
data/thermal-1-filtered/train/images/002712_png.rf.cff2b7994bba1b948245da294b7a9f5b.jpg,1,13581,13581,0
data/thermal-1-filtered/train/images/003813_png.rf.5c1e2695ad148221cd85436c3c0bd8da.jpg,1,19086,19086,0
data/thermal-1-filtered/train/images/002249_png.rf.447c98e8470ebb97602a9ba0208ef536.jpg,1,11266,11266,0
data/thermal-1-filtered/train/images/002216_png.rf.8df5b05851164d7d8291d031227348af.jpg,1,11101,11101,0
data/thermal-1-filtered/train/images/003045_png.rf.4db1a9736fc2238de82733e8f4c17653.jpg,1,15246,15246,0
data/thermal-1-filtered/train/images/003069_png.rf.2fa1ae690585efe4ef81f1003d86e9c7.jpg,1,15366,15366,0
data/thermal-1-filtered/train/images/003854_png.rf.8cbe51b3901d294e3126cd9d2f467d1d.jpg,1,19291,19291,0
data/thermal-1-filtered/train/images/002211_png.rf.b75937edb5cdb2ebe51356befb1cbd0e.jpg,1,11076,11076,0
data/thermal-1-filtered/train/images/002364_png.rf.7c1d5f85a0556d552fb086af13fe9c89.jpg,1,11841,11841,0
data/thermal-1-filtered/train/images/003062_png.rf.63911529a81f70d0256f9ddc52b64046.jpg,1,15331,15331,0
data/thermal-1-filtered/train/images/002303_png.rf.8cbd81e69bed8442cd09135f94ebfbd0.jpg,1,11536,11536,0
data/thermal-1-filtered/train/images/002445_png.rf.d80d01b5d163f64e762452e3a8104dcc.jpg,1,12246,12246,0
data/thermal-1-filtered/train/images/002304_png.rf.c9f5f19b22e51f4a5bdeb47ae09264cb.jpg,1,11541,11541,0
data/thermal-1-filtered/train/images/002399_png.rf.bb8ecc43627a94282fb304248768ec7e.jpg,1,12016,12016,0
data/thermal-1-filtered/train/images/002324_png.rf.176bc922e8fbc013f9f99416765b1cf6.jpg,1,11641,11641,0
data/thermal-1-filtered/train/images/002372_png.rf.da4c8db4083dc3b98e9ca1aa9f6b6369.jpg,1,11881,11881,0
data/thermal-1-filtered/train/images/002055_png.rf.53e982d31114c1488a02d84970a2cbc2.jpg,1,10296,10296,0
data/thermal-1-filtered/train/images/003767_png.rf.68051bfe6ec6a66961f90c1e78e786e6.jpg,1,18856,18856,0
data/thermal-1-filtered/train/images/002795_png.rf.f1f9d00c82d3d67df701fa7adbe5c241.jpg,1,13996,13996,0
data/thermal-1-filtered/train/images/002443_png.rf.dbaf9de75cc55a467b46738ec3b5724a.jpg,1,12236,12236,0
data/thermal-1-filtered/train/images/003696_png.rf.9c1111079549f128cd911496ec035f49.jpg,1,18501,18501,0
data/thermal-1-filtered/train/images/002323_png.rf.835774ec575730f41d0c00ebd4479f91.jpg,1,11636,11636,0
data/thermal-1-filtered/train/images/002158_png.rf.617b0f62d3258321680f9367a201cc73.jpg,1,10811,10811,0
data/thermal-1-filtered/train/images/001507_png.rf.38c0502f8e38a2a6b3a64f004fa75f86.jpg,1,7546,7546,0
data/thermal-1-filtered/train/images/003041_png.rf.bcae9b779c75e7b560dce1c5e19ece07.jpg,1,15226,15226,0
data/thermal-1-filtered/train/images/002335_png.rf.021db7655597667559ca3a6561fe1a85.jpg,1,11696,11696,0
data/thermal-1-filtered/train/images/002609_png.rf.78a5a758c83589f080b121deebbb4eaf.jpg,1,13066,13066,0
data/thermal-1-filtered/train/images/002294_png.rf.7d1ccd7b60e2538b2a315bb05d19fbe0.jpg,1,11491,11491,0
data/thermal-1-filtered/train/images/002772_png.rf.f56ab48f04bcdfcebc4e2d222219bda7.jpg,1,13881,13881,0
data/thermal-1-filtered/train/images/002460_png.rf.9e35625e15d812ae5f8d5525c395b6dd.jpg,1,12321,12321,0
data/thermal-1-filtered/train/images/002680_png.rf.e2e211dbdbea5869d661ca27d66e32a5.jpg,1,13421,13421,0
data/thermal-1-filtered/train/images/002695_png.rf.627421c780db54e5e6137e1ed2807de3.jpg,1,13496,13496,0
data/thermal-1-filtered/train/images/002333_png.rf.8981605e665a53378129c52214842f90.jpg,1,11686,11686,0
data/thermal-1-filtered/train/images/002061_png.rf.c55a9cf872829827e6ab9e7dd2ecfdbf.jpg,1,10326,10326,0
data/thermal-1-filtered/train/images/002826_png.rf.8d9564510205163fcf9ede0a5dfeb568.jpg,1,14151,14151,0
data/thermal-1-filtered/train/images/002415_png.rf.68dd0cc636a0401ec846a3e7c416e13c.jpg,1,12096,12096,0
data/thermal-1-filtered/train/images/002823_png.rf.a547dab26949bb9a72e5eac02f88cb44.jpg,1,14136,14136,0
data/thermal-1-filtered/train/images/003094_png.rf.b13cb8fb5a9b69fa5b1b4f2fb60e8b99.jpg,1,15491,15491,0
data/thermal-1-filtered/train/images/002542_png.rf.5c4d1cc6b3868fd63be62c052b0af667.jpg,1,12731,12731,0
data/thermal-1-filtered/train/images/002346_png.rf.5f6f9f9032f7d741922494be9f12e399.jpg,1,11751,11751,0
data/thermal-1-filtered/train/images/002391_png.rf.858f172fa8c943e532b58d45f3f140c3.jpg,1,11976,11976,0
data/thermal-1-filtered/train/images/002236_png.rf.7799d28f175970c910020885da3ce9c2.jpg,1,11201,11201,0
data/thermal-1-filtered/train/images/003091_png.rf.9618b756166d8e1095d132cb92b0ba4a.jpg,1,15476,15476,0
data/thermal-1-filtered/train/images/003096_png.rf.6d22c48f2dd6c827b89144fe3532bbef.jpg,1,15501,15501,0
data/thermal-1-filtered/train/images/003053_png.rf.7af09d85c69e2e4f5dca8912280ae10e.jpg,1,15286,15286,0
data/thermal-1-filtered/train/images/002688_png.rf.059c29598e14b6797371b38540b54a0d.jpg,1,13461,13461,0
data/thermal-1-filtered/train/images/002694_png.rf.28e98f27cd0fa791173f099f20a0d655.jpg,1,13491,13491,0
data/thermal-1-filtered/train/images/003522_png.rf.f5b641872cd44ab8e3fe8f234afd8e1d.jpg,1,17631,17631,0
data/thermal-1-filtered/train/images/002398_png.rf.54c469d90d9fa96d1df14af334bc8841.jpg,1,12011,12011,0
data/thermal-1-filtered/train/images/003031_png.rf.af120df440e8b8417f5e1855fbf99722.jpg,1,15176,15176,0
data/thermal-1-filtered/train/images/002034_png.rf.5e50d26d7dd8d524726117067fff80ed.jpg,1,10191,10191,0
data/thermal-1-filtered/train/images/002673_png.rf.99fce4bf2c64c87aa9499d663d58124b.jpg,1,13386,13386,0
data/thermal-1-filtered/train/images/002072_png.rf.113eb2391caa49b76ecbeb2e2233a813.jpg,1,10381,10381,0
data/thermal-1-filtered/train/images/003812_png.rf.19897901f8e56c01e83321ad36e45783.jpg,1,19081,19081,0
data/thermal-1-filtered/train/images/002229_png.rf.f4f3e85df1faa388dddfbcc7236b8bb0.jpg,1,11166,11166,0
data/thermal-1-filtered/train/images/002446_png.rf.0df223352c6d543c563a7d576a834457.jpg,1,12251,12251,0
data/thermal-1-filtered/train/images/002421_png.rf.2ee687a3a9f62b4108c47a32b2145bdb.jpg,1,12126,12126,0
data/thermal-1-filtered/train/images/002241_png.rf.8141d5b74886fb5a50837c03aae53922.jpg,1,11226,11226,0
data/thermal-1-filtered/train/images/003789_png.rf.2b0de6871a624e661caa9873c0c1229a.jpg,1,18966,18966,0
data/thermal-1-filtered/train/images/002295_png.rf.d58e9b6d88c34066eff41dd59d036c1e.jpg,1,11496,11496,0
data/thermal-1-filtered/train/images/003799_png.rf.4e543128d311d87fe42a0dc56d0ddd90.jpg,1,19016,19016,0
data/thermal-1-filtered/train/images/002029_png.rf.c1f31e2b74eaa5dbca9ab1dad60530ea.jpg,1,10166,10166,0
data/thermal-1-filtered/train/images/001991_png.rf.715c83063234c18ace0e5a3fe5179280.jpg,1,9976,9976,0
data/thermal-1-filtered/train/images/002025_png.rf.94eaf9ab73f0f60ac22849463efd2bb5.jpg,1,10146,10146,0
data/thermal-1-filtered/train/images/002064_png.rf.33262b72c8a01842b0fab4b78224abcb.jpg,1,10341,10341,0
data/thermal-1-filtered/train/images/002367_png.rf.c1e2a640638517c1d28b08134a6168c7.jpg,1,11856,11856,0
data/thermal-1-filtered/train/images/002612_png.rf.727b3dfae1f72f359f4ba15decebebab.jpg,1,13081,13081,0
data/thermal-1-filtered/train/images/003097_png.rf.e1f10285175277d49a3362ee6276605a.jpg,1,15506,15506,0
data/thermal-1-filtered/train/images/002020_png.rf.b0534d08cea176f575a6a301fbfe6e3a.jpg,1,10121,10121,0
data/thermal-1-filtered/train/images/003051_png.rf.f0f79de405956e25d1673e01440f2197.jpg,1,15276,15276,0
data/thermal-1-filtered/train/images/002043_png.rf.2cf51374b8d1863e6a2b5c45fb8d6753.jpg,1,10236,10236,0
data/thermal-1-filtered/train/images/002423_png.rf.74f39e9dfe5780e2211eb53032a4ce74.jpg,1,12136,12136,0
data/thermal-1-filtered/train/images/003779_png.rf.75a7c04f6244e9e0978cd25612c768df.jpg,1,18916,18916,0
data/thermal-1-filtered/train/images/002810_png.rf.6478bf485544ee4edfb69ae4f66149ed.jpg,1,14071,14071,0
data/thermal-1-filtered/train/images/002433_png.rf.71f236dde5b2ac05c230860d2bd72650.jpg,1,12186,12186,0
data/thermal-1-filtered/train/images/002231_png.rf.b90babdcaf58b9e1fd5e5bb59a0d3f39.jpg,1,11176,11176,0
data/thermal-1-filtered/train/images/003535_png.rf.53f3b59f7d906a5968da4baf191b96cf.jpg,1,17696,17696,0
data/thermal-1-filtered/train/images/002705_png.rf.b534afdcbe70ee50f71d88fa6e62333c.jpg,1,13546,13546,0
data/thermal-1-filtered/train/images/002341_png.rf.326180cedd95991431bee97042ad1b13.jpg,1,11726,11726,0
data/thermal-1-filtered/train/images/002023_png.rf.5428fa8fef2cbf59051f16e374d06b12.jpg,1,10136,10136,0
data/thermal-1-filtered/train/images/001973_png.rf.06a56808061e78cf915c8aa4921ce98a.jpg,1,9886,9886,0
data/thermal-1-filtered/train/images/003020_png.rf.42e0554eca9b5f7d8d046289e2089035.jpg,1,15121,15121,0
data/thermal-1-filtered/train/images/002841_png.rf.be8a5e82e76a359203f69ac804a238cc.jpg,1,14226,14226,0
data/thermal-1-filtered/train/images/002746_png.rf.48c00be255b8a8cd5ee9ac23528a6eec.jpg,1,13751,13751,0
data/thermal-1-filtered/train/images/002803_png.rf.8bdc5b6e779a3209a6e7512a3d347719.jpg,1,14036,14036,0
data/thermal-1-filtered/train/images/002044_png.rf.b569a423775c4d9a30ade158d3a98e03.jpg,1,10241,10241,0
data/thermal-1-filtered/train/images/002198_png.rf.32bbe4e67cefbe571f2cfdc09f8f901c.jpg,1,11011,11011,0
data/thermal-1-filtered/train/images/003431_png.rf.0df089fd5726fe0d89917402d5207f4e.jpg,1,17176,17176,0
data/thermal-1-filtered/train/images/003017_png.rf.4fb9171ab1ba54b25e36a0d5e984e6a7.jpg,1,15106,15106,0
data/thermal-1-filtered/train/images/002269_png.rf.a9edfbea16447d3de4f6387db1e220bb.jpg,1,11366,11366,0
data/thermal-1-filtered/train/images/002075_png.rf.1ddf5c22ddfc9609a3cca5b326ad1f3e.jpg,1,10396,10396,0
data/thermal-1-filtered/train/images/002663_png.rf.7a8acf5f3f4bcc29f9bdb006a42be69c.jpg,1,13336,13336,0
data/thermal-1-filtered/train/images/002768_png.rf.e7c0c18554b4bb54635ca354e0731f51.jpg,1,13861,13861,0
data/thermal-1-filtered/train/images/002226_png.rf.fd715ba663603df25409770759f1c14a.jpg,1,11151,11151,0
data/thermal-1-filtered/train/images/001505_png.rf.69ac69f649b9a53c49b249555479796a.jpg,1,7536,7536,0
data/thermal-1-filtered/train/images/002769_png.rf.a69a9df10d3940c783a916860572255a.jpg,1,13866,13866,0
data/thermal-1-filtered/train/images/002014_png.rf.ad3407467b54cee3ffe5fb38ea5ccdf7.jpg,1,10091,10091,0
data/thermal-1-filtered/train/images/000008_png.rf.8987de6059b5607e9de7cd7c36b2df62.jpg,1,41,41,0
data/thermal-1-filtered/train/images/002370_png.rf.26d3fd35a9c7063c76419942e40e1c6e.jpg,1,11871,11871,0
data/thermal-1-filtered/train/images/001676_png.rf.c534edc6bb9a8239faa8400e43b8a459.jpg,1,8391,8391,0
data/thermal-1-filtered/train/images/002696_png.rf.437e646728cb87b8d02a2bce3419d7bb.jpg,1,13501,13501,0
data/thermal-1-filtered/train/images/003845_png.rf.f80123ed857d6bbcf4796a17f78af8c3.jpg,1,19246,19246,0
data/thermal-1-filtered/train/images/002362_png.rf.171cd2707cf05ae54bd39d53346b796b.jpg,1,11831,11831,0
data/thermal-1-filtered/train/images/002458_png.rf.c2ee8e67f1f44f6930db27228cf55103.jpg,1,12311,12311,0
data/thermal-1-filtered/train/images/003749_png.rf.f559b9be0befec90c860da9b03c2046b.jpg,1,18766,18766,0
data/thermal-1-filtered/train/images/002235_png.rf.f871eea82e4a16d3f166e3e5ebe2d893.jpg,1,11196,11196,0
data/thermal-1-filtered/train/images/002807_png.rf.2d3ee24c31b0282e99bddd5dcd373c22.jpg,1,14056,14056,0
data/thermal-1-filtered/train/images/002706_png.rf.606bb126eb716364f373795efb9e2d87.jpg,1,13551,13551,0
data/thermal-1-filtered/train/images/003786_png.rf.05283f19c357cbd3a1937073dec01ce3.jpg,1,18951,18951,0
data/thermal-1-filtered/train/images/002703_png.rf.33b8f7b6c5d31731c00f4ddb885aadde.jpg,1,13536,13536,0
data/thermal-1-filtered/train/images/002767_png.rf.dce8d61ddcc42ad37bdb2680a21f43ab.jpg,1,13856,13856,0
data/thermal-1-filtered/train/images/002266_png.rf.758108f8dded382cf1c4c309efa6bf02.jpg,1,11351,11351,0
data/thermal-1-filtered/train/images/002276_png.rf.3a0ed0552b90eca050eafd2039793b34.jpg,1,11401,11401,0
data/thermal-1-filtered/train/images/002263_png.rf.b602fe574408e090040d5297e1d859d6.jpg,1,11336,11336,0
data/thermal-1-filtered/train/images/002128_png.rf.c083939d8e1d9df023f11508230b69b7.jpg,1,10661,10661,0
data/thermal-1-filtered/train/images/002040_png.rf.d284226b9529ba592ddced7b5e56590b.jpg,1,10221,10221,0
data/thermal-1-filtered/train/images/002434_png.rf.925112be4b57a9b8a00d9f71bf3db8ca.jpg,1,12191,12191,0
data/thermal-1-filtered/train/images/002766_png.rf.dd04a25e7460c3aeb2c25a1e60ff9056.jpg,1,13851,13851,0
data/thermal-1-filtered/train/images/002730_png.rf.79fad4e10c658bb9d526ff4eda08d459.jpg,1,13671,13671,0
data/thermal-1-filtered/train/images/003698_png.rf.d95d6475afd6fa99b5aa09e1180c6f8e.jpg,1,18511,18511,0
data/thermal-1-filtered/train/images/003037_png.rf.759712bfc6fd526cb1897a52e7d4d7bb.jpg,1,15206,15206,0
data/thermal-1-filtered/train/images/002960_png.rf.d3f01b0b743ce34fdafe895dabf03e4a.jpg,1,14821,14821,0
data/thermal-1-filtered/train/images/002006_png.rf.ad6ac73159ef64c224609f25b388cf94.jpg,1,10051,10051,0
data/thermal-1-filtered/train/images/003762_png.rf.e139a06ac0bcc87fbabbe07a0cb322ef.jpg,1,18831,18831,0
data/thermal-1-filtered/train/images/002375_png.rf.4f91716994a118efc7dd2768508850e8.jpg,1,11896,11896,0
data/thermal-1-filtered/train/images/002232_png.rf.d2fc52b27de90ff5147db3bca936cf85.jpg,1,11181,11181,0
data/thermal-1-filtered/train/images/002797_png.rf.509cbe9ad87b61e6416b3b0260acb77c.jpg,1,14006,14006,0
data/thermal-1-filtered/train/images/002791_png.rf.0fc800af540b586b0592cf6dd8a3e8ed.jpg,1,13976,13976,0
data/thermal-1-filtered/train/images/002379_png.rf.d062adcbd83126be13d77b343c256e2c.jpg,1,11916,11916,0
data/thermal-1-filtered/train/images/003711_png.rf.6ff22aab3605ff3f045ef8348ec170f0.jpg,1,18576,18576,0
data/thermal-1-filtered/train/images/002679_png.rf.d1a3ee57c25e1caa2d81e4386e7e0fa7.jpg,1,13416,13416,0
data/thermal-1-filtered/train/images/002257_png.rf.7e2f570cb3fd011eed64590378272b59.jpg,1,11306,11306,0
data/thermal-1-filtered/train/images/003052_png.rf.f1276605c91919da1533aaa13a789af2.jpg,1,15281,15281,0
data/thermal-1-filtered/train/images/003107_png.rf.91f7ee99867b5f3f891cc80aeb83c0a2.jpg,1,15556,15556,0
data/thermal-1-filtered/train/images/002277_png.rf.830a827116be789d1e1d4358e250127a.jpg,1,11406,11406,0
data/thermal-1-filtered/train/images/002670_png.rf.8ca412273a71a84f2c7be18b54584d37.jpg,1,13371,13371,0
data/thermal-1-filtered/train/images/002572_png.rf.5f6e1907324ced7385b3142274cf7791.jpg,1,12881,12881,0
data/thermal-1-filtered/train/images/002293_png.rf.015b600e5cccbd4ec802e1a1f7981936.jpg,1,11486,11486,0
data/thermal-1-filtered/train/images/002066_png.rf.089aeaefa8fce7a5c14c0889b73bc36f.jpg,1,10351,10351,0
data/thermal-1-filtered/train/images/002054_png.rf.6d3a9c8dbae2e376fcb31eb6fbfd815e.jpg,1,10291,10291,0
data/thermal-1-filtered/train/images/002344_png.rf.0d7951a8d7de6ea0bedef8e7f862deaf.jpg,1,11741,11741,0
data/thermal-1-filtered/train/images/002427_png.rf.cef3de46acd7b9748c5f5e96fe1cebff.jpg,1,12156,12156,0
data/thermal-1-filtered/train/images/002392_png.rf.1c489bb279ad093efc9cf55d7e1e0d8e.jpg,1,11981,11981,0
data/thermal-1-filtered/train/images/002301_png.rf.88e0a9f31f488a60f065bd6444c29e27.jpg,1,11526,11526,0
data/thermal-1-filtered/train/images/002692_png.rf.8392f033ac0bc94abfff381ebd245d5d.jpg,1,13481,13481,0
data/thermal-1-filtered/train/images/002734_png.rf.761e01126acb07af9de56723eafa23d0.jpg,1,13691,13691,0
data/thermal-1-filtered/train/images/002012_png.rf.d52b2c1238c0106b5a268730519c909c.jpg,1,10081,10081,0
data/thermal-1-filtered/train/images/002507_png.rf.0299c949d8645b5ccd8cbc680be573e3.jpg,1,12556,12556,0
data/thermal-1-filtered/train/images/003055_png.rf.5812f2ba09b253ad8d623d5477aad1e5.jpg,1,15296,15296,0
data/thermal-1-filtered/train/images/002839_png.rf.83189f8407ea36b13c20def5473b890c.jpg,1,14216,14216,0
data/thermal-1-filtered/train/images/002787_png.rf.a2c69a3e4897ca37147ae40396ca7475.jpg,1,13956,13956,0
