frame,split,width,height,thermal_dtype,thermal_mean,thermal_std,thermal_min,thermal_max,rgb_mean,rgb_sha256,thermal_sha256
000200,train,460,445,uint8,86.733,62.568,0,255,126.83,ea0a0306c40d1df83a8e7c07e07cbf62ccb6e454a627813ac5831309fe1cbbef,352782a9816cb453d5cbd59be1f43b6792d0ec27bbe4538b08f44b4040831ac0
000201,train,460,445,uint8,86.677,62.709,0,255,127.319,ad6523b862edb7ca5aeed4ecf6b664167b1bc011ba1fa1d60266f24e22629ca5,f89a9791e042bfb30c5e50b22c18af8b5127bc1af9b8f044d141e0fb832b8d3a
000202,train,460,445,uint8,86.662,62.646,0,255,132.82,476cd23f9590d93025eb17d2c1304ed9ca00b62ef5de386e18c1132975ae74b9,a59b9037388c2c260f3538ab069e665ab2e2924ce2aa87ebbd40616733384df3
000203,train,460,445,uint8,86.463,62.441,0,255,130.88,ca96dae9aa642a0d0f3c525e2271130278e344e846755adbc82a1cddba721e43,ed3644a671bf2d42488c7e16cc45e893c4abb5bd040f2bb38458f8308c5d7c91
000204,train,460,445,uint8,90.143,60.15,0,255,130.823,0af1062d16a936eaee2dc1b4d512a7b7371f169fa667ea961404dfe7459f4209,ef9f58e643a80ee16e8f5cc1d3b2b4ea9d7d046a0a095015c62242c4d2cb1f6a
000205,train,460,445,uint8,84.442,62.747,0,255,130.92,7576edf45d8bc7c5147f5a7d03235ca96280e43aa9d808eaafb0d1895a1d701b,70bfa7f6ee514addbc41da4190a75fc6668248d850b14a135e2b77a231aa58f8
000206,train,460,445,uint8,84.304,63.493,0,255,130.89,1e038c39e31edc714392e43c0b9cbe0108eb487dabc5729c6400222762f34616,5eb8da2203cc19b770cd76a157c9814900a1e85900b1a352fe91252d47a79b90
000207,train,460,445,uint8,84.072,62.652,0,255,130.776,018766e99b70d855a1d798f896a869a1e754e7db447a5cce5b944e275751d570,2196e005d0d06ed77517e746d22fff4a52517f99ce4da3375ed13ceb7db88c48
000208,train,460,445,uint8,84.362,62.528,0,255,130.992,cb9047099b0b45c9d1b37d45d2a752a7e23c13c1e9fcab579eea874e598f5100,17de54ef39326421f3bc7939fe13f6c3f7d07526b130c25e697cf3255413167a
000209,train,460,445,uint8,84.777,62.601,0,255,131.431,4959923b64d0c9dbec6694a6bf5c1a3755874697f7091789b6fa67c203192c32,1a4ebb56bad0fddc24baaa8f4c7f7ef259ae842f276236ccf97bf5a65d065018
000210,train,460,445,uint8,84.855,62.71,0,255,131.355,2cf70731e9837bfe355af865abf55de0029ac6800edc51fb350a59b791e772f0,f926ca95cdf1a38214c625e7ef29d3df03b55e68dec047e860f6a89aacf776a2
000211,train,460,445,uint8,84.706,62.547,0,255,131.51,b041e54e96aab83f6709eb15a46e0d2bd05c34bc9d8477e8c6aa1833df47b85b,629e4b3fd4d1e60fd1b477a804dcb0325fd20a290f02ccd1f8ea1ee9d1f567c5
000212,train,460,445,uint8,84.485,62.356,0,255,132.255,bbe0154fa63bf46ea0454dacaf72db1ae07f5451bf032438121fc1db2218ccc0,295eb2c523d72720fba27edece729796c32e70fdd9553634eab6781de2658a06
000213,train,460,445,uint8,83.991,61.766,0,255,132.358,6016a103c32727227def202b83d55697658aa75b69fb996fa1bf4e573446bedf,bdd59f76568e37952cb75cd990bf92b6ea3a2d067ad4d3977cb6dd4ede1e6453
000214,train,460,445,uint8,83.703,61.355,0,255,130.701,280b18551bbc9ccbee002bf4fe77e079543ba2f6c46bb26ba1a363ff7139efa8,cf27eea942c12c2a06fa2df52b31869639f1cd12ad030908baa1f2ba2e65d0ab
000215,train,460,445,uint8,83.099,60.52,0,255,129.255,0b1732037cc66e6ca00eec0bb893e4dc627692184e06d934a9013b82c8d0ca04,859d242d158335a8784219951f73e368d474bd9a840580f0c02fbc3fb028bfdf
000216,train,460,445,uint8,82.003,59.446,0,255,128.166,b5a599623cd8727c4ae0f46e163dd23974c86482d75f73c820f7af49bdc23ac8,6f924904222241cc5f1060ddfd81e550ff5662ea469d29f263c693c50f4dd86c
000217,train,460,445,uint8,81.954,59.574,0,255,123.617,751a661525f810398b2498cd951688df53389686e138f58f1566bb397d051aaf,e4ed81b952790477bedcf37a64906d1e5bf30fb05e8e22c1304bc95735cff64c
000218,train,460,445,uint8,82.707,60.374,0,255,117.068,6e24f33aadef67fa92c5604114a5652f2a9b2509f5c6601462d4f4c051673ff5,743950e522623af5e4bd003d5cc5f78daf381f47aa232668386694c38f7444d4
000219,train,460,445,uint8,83.428,60.722,0,255,119.778,00250a8e8c5a9564e87493ca835dc2f279c8f96bfead5f589c7d0de7c344d1b6,41558edecab6e81696fcd51fe49bc814a0e9a3059de9016aa97335982804de7e
000220,train,460,445,uint8,83.603,60.299,0,255,123.445,87402027ff40f6631f08378d79976e724b563424ae563ca676cc45532972fbaf,035d2c2693b8c19c96fd7c03b54df4783b03fac47040972998f4cae8bccd7139
000221,train,460,445,uint8,83.924,60.543,0,255,126.302,4afc02aa7b171b4125fc685e0dc90086cf41fb73d5ed2113f1e022d89c636404,71d6bfaefe3756d9d63fccf36d2ad03179b761c6fa1137b6edd1290d6d2adba1
000222,train,460,445,uint8,84.85,60.805,0,255,128.044,ec1443ef4cb91c76febbbe2a548bb1affd037a0070e97fa68dc2eafc4c1e9baa,2dca451c9a66503fe0a437466bc1de7b92e56af354ef20e75200786ab5365878
000223,train,460,445,uint8,83.969,60.304,0,255,127.676,191c9c1f6d107b50fc7d86b6b925cc0d570459bf21f6da11d9e446ff0bf029e3,02c71b8f0b800347a4f40a3b0b463538438d60a8343ae9fbe859e032648511f0
000224,train,460,445,uint8,84.2,60.209,0,255,124.512,f5ec7660bde2a51ae597d76dbb83d4375f4d29bcbd5c6eb0bdfd78a613e6ba23,e2d1fb5ce556f70f3cdcbabebbc766254cbd293aae73cb413715f95e8c01e459
000225,train,460,445,uint8,83.593,59.45,0,255,121.525,0a4257309d5ee6d413b2012bcc1b3cbe209752dcb726c5009b98658ed15b0881,a4f25e3da5a3848b1258230ef733bb838e3ef1ef0a37b916af9bf17844bcac9c
000226,train,460,445,uint8,83.489,59.232,0,255,121.2,97d2e5874860011d14b949ee404be205a454b4d8c0cbdfffea7ccb588265aeff,ffdfd4af4bfd67a369402978b334bf4f7bf7fc30bdb73ae8e63b16c4ddbb7a58
000227,train,460,445,uint8,84.134,59.945,0,255,119.206,bfec094e77b9e02c814e053f78827cedb441e50551e5da9dda6a547f6eccf7ef,98747b2b0e388a563b311259dce8ba0638d2ae2c131318aec25a589f33f3acd5
000228,train,460,445,uint8,85.759,60.917,0,255,118.515,58808db1453aca7b2b507dc396f9f727055f5d0a51fb399d65ff26bbcf7fd7a6,c5a7e6c5805f549d82b4f2c8807afd9eb2eabebcea9e6555ff8cd9b31fd32e01
000229,train,460,445,uint8,86.309,60.791,0,255,119.827,6617431413115f6b9af5c9c74b2d7c08ac240f51fb24ab5225f5b15573dede44,988ec6d6d41221ff44ed3263d470cc9364b625b901a43da4be4ffba0f6d6456a
000230,train,460,445,uint8,87.429,60.831,0,255,120.858,ba2310db202848acd432850526d4d6393f57141453e7cf50488d36ee4707105c,02d0c5be91f130c4fe7a9d52e77b05522951479b98df9f649c4652bd702d84ea
000231,train,460,445,uint8,89.156,60.084,0,255,121.455,82574eb0d95514c34cae731aff2611f2990ae7043cfb273c62d6495e31697fc7,8014c1cfc8883dc47b844cbd780d3c38f8197b744d66a660bdaa256d9fa233b0
000232,train,460,445,uint8,90.173,58.999,0,255,121.369,42a079241fe076cba706fd332ad37439a701394c6d3d0f6f7d399efe4104723c,d7a649d53a8ada85005adf8be674fe6598f8f1bdc6116e563e97a43337297334
000233,train,460,445,uint8,90.258,59.149,0,255,120.923,5d7a170b2e3ce2558346605a5fa57c4dc00bd360688a7bf90728b6f7e3b1105a,eefddc639ac5de990c8e4feab7eb56d4af993a173b313e10e1a94b46f5cac894
000234,train,460,445,uint8,89.987,58.952,0,255,121.035,980f47a9140deeb93b113a4580e4afcc1b21a26e0943d0b36d53d8892143b72f,5197d2721a4cbc58a10b07d6c159c1f6c45cdb334679da57f13d9f3a0e15b57e
000235,train,460,445,uint8,90.075,59.014,0,255,121.15,445639b49ebd54c0905e6e967312bfec692b430db38d2b073469f7d1da44eacc,10fe3fbec9d861e8967d16a1a42262a35440b67fd74e207ab9dc3005e72cffa8
000236,train,460,445,uint8,90.063,59.127,0,255,120.934,59685d1a3b69fc073696d319f17c49a783285800af360cd32dc3b003a99e9c29,152428c37f2b2e59e6fa055a508372a4f8f1cebddb54dc83da7f56f955fa04ef
000237,train,460,445,uint8,89.625,59.167,0,255,120.679,2f23d3d33c82be91f5da89963bc4ebfa889e574f93138bb8db9a4bac0548343c,226b374944fd40c6672ec1f976217c6e214303270892f3e67e58ed0758b02b5d
000238,train,460,445,uint8,89.102,59.042,0,255,121.352,27c0b140614f1c9993aa20a3978d587dea208bcfa23d942bd032d17a74c8b6c4,21667784188264f710b12666cddcb5f08376a528d00fd2b294c0ea4c2231a6bc
000239,train,460,445,uint8,88.921,59.02,0,255,121.891,b7eaeb199bcc676ae2b9f95f2d9ba754c053dafbaacb9a2b04f6af03276bf64b,4a2718479ba4b4ec42cc97cd80e0c46bb7a0447beb019e6a5f6921a8170c6992
000240,train,460,445,uint8,89.138,58.855,0,255,122.349,fa062c67cae5eeb664c8157407787ff275b0d6dd2ea62d813d6fc1ea4dd0be92,7ecad616b1d6aae56c2bac2b4765c314ef90f6d9af5326944c7a348b09dd231f
000241,train,460,445,uint8,89.771,58.744,0,255,120.386,60f14a13b3d75d68b8550f8f9d4caa843cfdb0d7fefc569a3aafff783aaaa1fc,348525e32ccf06eafe7cb01c9557fceced97335656c438b3e0b3336e2aded626
000242,train,460,445,uint8,89.927,58.38,0,255,119.206,9e7426577138632270c23bd40e0d9da1e86fa69b7c190985265fa8f4ff367702,134c0f318f6d731a796773ed3a7bdc5fd2e80a2330f5f87253ff310059c2fb36
000243,train,460,445,uint8,89.937,58.216,0,255,119.211,f3cf08bc7d21165624a2e59f4b94e5de0d6625b91f1ca9400f7906ac1f405bfe,2d944f5632a2a5f78b08a05569499fddf9d8dde7beee241e8ee2a9fa7a525d36
000244,train,460,445,uint8,90.129,58.42,0,255,118.855,1feeb354ebfa3d690f0319dc1fec8a0d6bf54bda3b6644332b6bddf407594833,e8398f2615a9e00b8b79a606d82979807f004e713df4105a7d5ee251d1b2d7a3
000245,train,460,445,uint8,91.172,58.239,0,255,117.367,e274d31f787c3cfc5ae60eeee24fd49b330e56df59a93a11a3a03f8e92de8d11,9fa92b6c3e8880a0ce6cb3fc86cff5550a7661cc42566d0959cc29a4e0714587
000246,train,460,445,uint8,88.425,60.974,0,255,116.629,16c2b213591dd2b0fb81cd313dfff48fad2bf9bbb71301142353dd0bad1149ac,37a5c46ceabddcaa9fafc70523feb5ed187727684ec6e237720d4002b94dd736
000247,train,460,445,uint8,88.126,60.236,0,255,118.149,dc69779a62b3fbfc32de9807231b640f333f45bf11902870fac21472b24369f9,05c8803b0215e1b8a76ecb234ba703ba5b5b77145123725335e50ff287d7f03a
000248,train,460,445,uint8,87.457,59.274,0,255,116.582,29349f5aa76f91f6f2e7dafcb1bcc78c49ea61b74715681e2285f02cc3e24a9e,455591f1e2904513e7ab9bb97aa0f0c5261d777551d360f4eefc6105bbe0df04
000249,train,460,445,uint8,88.171,59.421,0,255,114.856,e80e79319e001a3cdac389724e125abb586a877fdea8c40176929387809071d2,39723a951a2961f4a314016ba7afe9630d106365cf84909b01bc2a20c662a7ca
000250,train,460,445,uint8,89.742,60.786,0,255,119.207,a96a62bfd64f4abff0d4ce006f769764e3c5f4aef2eb9b17c443f1d80e1d9cff,52c13714162084168873995218ae1a566991daceba422bc3d320dd1a17bdd6b7
000251,train,460,445,uint8,90.57,61.734,0,255,126.431,64cbb2e6d78a8e2222961d2c3f137ccd415fcf41ccfeef54627427ff1b253812,24abb0f7316bef671f6be4391ddb284a9aafeca04b99924acfdf23f7f51533e4
000252,train,460,445,uint8,89.199,61.687,0,255,129.066,0957201aa2fb8faac996a269abd17e2fe72b12dee2d4f5e38306fddcc4f97e8b,c1e2e0db669a410e06fe16917bd4603f3cbf823ab1eac010b73ebcaf957970d2
000253,train,460,445,uint8,86.619,61.049,0,255,130.52,ea6cabf1f1ac8eaa24d1c11d5d90bc86687ad606bbf3f2ff1320adaa7e9af3ab,d72b432df32c1d6df564471563ff9c0d3a83a3bb49cd4c72308f8f757a27e3d7
000254,train,460,445,uint8,84.568,60.409,0,255,132.741,3a4ad428effb6fe014030cbd2856483b725bf6962e9ad22d8cddf47139f99e44,0cf5b4f4748849b2a85a3e327d90e159222e1944072fd1fa1ba10689780e060a
000255,train,460,445,uint8,83.797,60.701,0,255,134.137,22ee1d9d6dd778cb3ba0825d76fab08f0940e82d808755d7b75e45a96030b26c,639278c17d12888a3d3b4a1cae15a5d5c1c9efc7b5f7faad5eb842cd9db8c68f
000256,train,460,445,uint8,83.753,61.165,0,255,134.889,1632730c38cea073c9da434ca7e72e224d83fbed76bbcf09f3ed78c0923b4205,9c38aacd76bd1fb1cdcd600aac6ac9285baf35e7a49cfb6848ac0c2b73968654
000257,train,460,445,uint8,83.412,61.108,0,255,129.16,46963b7c5fb5e6585ea74ad39e341b6bdd854c89e0410aebcb0b2c2a8c5038dc,1715f38c4fa4d67c0c23abce8a94c318fbd793d31d0024971561e1411729f8a5
000258,train,460,445,uint8,83.195,60.853,0,255,127.145,1f02a25975fe0a23d0c2aaaf9098ea43fc6fe393ce80872eef7e3da2237f1519,2ccc36abfaa2426f9eaa3a511e49426e0c4fce66be349d6cb92d1307e4f987d2
000259,train,460,445,uint8,83.001,60.591,0,255,126.666,aab87325ba98e188ffd283062fd2a4c37ca3f52f95f81d1e726907556998da60,409f096ac373e965b6c4a3ea424299196b760eb3aff5e5de51bab4afd2564cf7
000260,train,460,445,uint8,82.836,60.53,0,255,126.5,585f7014d0957760f1965964b431e848b3598a145d19799dad65fe8d16c1133a,2e6546751393e8fe6678b05fcd2ac4074ff0d8381e2803d7c3b7742898a7c27f
000261,train,460,445,uint8,82.433,60.107,0,255,126.104,9ffb57a5530a937b2e9287d193cee4ff27d19c14768b2c423024dbbc32c1e753,b017ef9f885fe93aa0443824a7876fec90f1902eddbe5f4c42cafa4a6dffbe2d
000262,train,460,445,uint8,81.78,59.453,0,255,126.293,569f1fd610d1157673dfde48b65254957112835cd962625be4bd663dc97435af,df818f6603c3e1721f5b4a3d62f30445a4d3e50bfa7b206edac571e91257a72f
000263,train,460,445,uint8,81.633,59.302,0,255,126.273,b9f3ac7ffbdef405da227186ae9d22b5d71cfc67ca7c7763174b889eb04c1643,f996723af23df5ac3ea78d6b06201822dee9a8db3e3612fa071ad58ed61b61f7
000264,train,460,445,uint8,81.548,59.299,0,255,126.242,600c626aa5910d33a82bf839268abd09a74f4d16bde384d44d8021ce30bf771e,544b0af26929d87ba94d6112018e7ee186276386f84a6c7ddfda1d1aa6f3de35
000265,train,460,445,uint8,81.383,59.104,0,255,126.248,d4077156dfa525b5826c24bdac37c165a262f63537efa7347afed67cbb31fae7,6abb1d0b286cb9f521d2a137bd4253804e903650b606b84a573e5248db29e636
000266,train,460,445,uint8,81.398,59.056,0,255,126.174,135e8d596cda6ea59b949e4ff3400f387f365fbaa1935d58e337cddffc9dd3a0,fd16a086ba2dd74b6601c309b4f79eeba2efb77d3ea830c5c88a1c2f13ce421e
000267,train,460,445,uint8,81.363,58.914,0,255,126.234,c9914e060a92871c6ce795b65605adb5f1a8bc0f6a2c08ac325c0de0f1ea8f55,fa7d7f1db42f1a336094f6550725f9d9c97c843ca3a4bf6774247bcebc50e9c5
000268,train,460,445,uint8,81.334,58.871,0,255,126.298,15c2aac645a6b1270f9c7fefc906e83f28ce51216fac48e0ce8578d68d72ac76,ce05ed2c271e272f7be997559958d57a9b5d332131a6e57bca95dc8514fe4f89
000269,train,460,445,uint8,81.304,58.799,0,255,126.276,dd1fdb7623f442bfc1eedc828e866c1606ef21a9b36fece0e748c040e3678276,3d8aa43bffab686278e1baeb75be0c54fb57a61e0d585e09acc77f0b00d31bfb
000270,train,460,445,uint8,81.313,58.731,0,255,126.308,6708b560ee19c60036cf331dd98db79e01cb0cf81707d355627de89212bb3fae,296d043a7468898424a3e485bb3cb26e4309075848248857326c3168175e896e
000271,train,460,445,uint8,81.681,58.759,0,255,125.971,8ce6737004438889fa0be8911b9e2d32096a993604d12217775f933d4108848d,3ab5b8accaf688842555a82a9d0a8acd872fbee360d945ae747c914206ff47bc
000272,train,460,445,uint8,81.468,58.488,0,255,126.016,3a73f41fd4cbbfe6575e05ecf325157a5e8839fdf745286d4288856a8d341bb6,034973a37d51234cd6da9e6d2976c6069bfe54298c74eeb5e5ff904548b273d0
000273,train,460,445,uint8,81.358,58.255,0,255,125.989,c143cfc863f0830494a2a415a2926f3d1a8b58160de501edab3df07fe7141343,0f0c3b04955631c55a8c5c7134faf9c3a30c70a36b25e0fc6df4838987c219ac
000274,train,460,445,uint8,81.326,58.303,0,255,126.009,5e32fd996b84e7d1bff441e791d173d5aaa440a3982df62b25023ef5487af375,99f92555ec516a60e6a07c723eba6b672579647313a398c6650ad287ca708907
000275,train,460,445,uint8,81.354,58.273,0,255,126.071,294693f38b84083d7488e8b8982d4ad347721c87b0e032c2ca24605f1efa9539,6c663c02edd3121ac16b11661ba3eff6642a9f8b0ebbeeb80fb72e8011ae8a81
000276,train,460,445,uint8,81.397,58.454,0,255,125.795,c4bafb3aa6633f1b4ec980f1bf1e727cbcdb3d6faa4255a0726403b57e1dcbe6,a1dff669a0922febbe23fd5dd577845cd75816a1ae7c7226f304b08e63de58b2
000277,train,460,445,uint8,82.039,58.695,0,255,125.858,47ef468ef2744d395dafa923d3cac70f0a4fb2f32422fbbc371e17bf65bc8420,77861ab9f717f6588c701f8784664457c1bc73fd4b18710f7b4ac3df4b660c15
000278,train,460,445,uint8,82.781,58.777,0,255,125.884,6d494c87da0ffa57b557e3589cd1672bd93ec9dce0499978ae4dd79bf9249b85,982c9cc708552b1be800e15169751fcb4cd16bb23a398137f5e0934f07bb26e0
000279,train,460,445,uint8,82.708,58.777,0,255,125.842,5df5ab283521e8b4f3919574a387b460d93b5bc2d8ea9d8f0df88b2320cab537,8a9d4d8ba5c202910144b4d20148620be0d56e5c79b50bde1b82289368f4218c
000280,train,460,445,uint8,82.626,58.747,0,255,125.791,e744401e9b631c0686a061bfc57ab2c9202526d664a0d28eac889d940beb0fcc,3d9fb403477c96365d9e6714a55649cf7290c924b389225acca2cd22294489a8
000281,train,460,445,uint8,82.953,58.729,0,255,125.561,fb5d944ab1f34440c89232af993435e5c00e6c7a4f943b96b27039d1de8e44ea,d5f5ad71b543e0b0fb25247ab291fe45e52d745e3ae32a23f2f8dd3b570f87ca
000282,train,460,445,uint8,83.647,58.753,0,255,125.6,595c67320bea18a41f045585e0cfa60bf14f330d26927a125cbc7c8ddd504ebe,a3c691b0a9e415587e13ac169c8a0a8d9a4c264f789ffb8245590c69794500bb
000283,train,460,445,uint8,84.66,59.122,0,255,125.585,133d6d96138ef36b4a9d0aaa04f92f159039f38f34d168ff1b2a50ee8dadd02d,2dc44c149ba7e29631745c9eaa051f55b43b26a08673e7c1f25ae332e38e96df
000284,train,460,445,uint8,85.89,59.19,0,255,125.551,76d69b6be4ef87690f139b5dfc812bd9e39da3ff7491e5ec90db6c162125427a,18a7fe0d105634d18571d8bb6dad128c65f05d5f4355d6093141475da1cf6898
000285,train,460,445,uint8,86.97,59.377,0,255,125.478,8e0491ceb19412f1398b79e8bf3e1e61ae1e7b51dada62374cd8e25300a4bd9c,c3071f0e027b7c9f9a2f9ab83c1cfed9c779c920e49bb05100c8b5e4e72660b7
000286,train,460,445,uint8,86.616,59.391,0,255,125.248,3680d567f52137018a0fde48a17bc80c3d3a9fa265973afc0fab7cb8dc380937,6acaea4b13067e06b708d86450bcf0984a22241dec5d13c4f717dd8c83d35575
000287,train,460,445,uint8,86.867,59.273,0,255,125.109,c669844c9efdaae2214626e646ac7e64b34266590440eb3ea4a9535b0b53bd2a,56601e5fac6fa8bc8233d27e94653ded1b3d574efd17488a4825da644dfe503f
000288,train,460,445,uint8,87.277,59.353,0,255,124.826,a5fc853302072376261d1e82cfed992e71b0bc5126a3a5a8a9028d3af1317184,64a7fb8b8fa590af382cd889e25482bf47f485ee6014d823165394ed0cfd47e6
000289,train,460,445,uint8,87.881,59.488,0,255,124.484,4dd807acad2f51c2dfc3395fcdeae2f33e8314a77d19b20041a5e838bcb5ca9f,86638bd0385d38db80b41d8535e3e43f5ef6401854aef0fa6d7d7b687dee8bf9
000290,train,460,445,uint8,88.106,59.478,0,255,124.299,126c55ac096182f5cfd1916bcd4b533c949b1ace1fea8bb8bdc57d3d486d5673,72d72aef5a1a798fc4d4e0db99ba02eea7000a639535562a387ed1e29a2c8580
000291,train,460,445,uint8,89.163,59.752,0,255,124.116,382b6fda1d188a754573ffad231b11fc6f7c4878df8c9f4968fdbac57a5fd1a5,e340e88a3ef7d2590a3eddb65703ccaf161e32cf228b089463302afdf72723cb
000292,train,460,445,uint8,90.488,59.96,0,255,124.042,e13e9dc5556952becb157225f74926f640470632ab879b6c556ad1a9d4f727c9,6d3ade79568166cac7f2813bde3f11ff97ff12775fc860e41ffa2ea40e93b4bf
000293,train,460,445,uint8,91.074,60.204,0,255,123.996,89c57173180ebb8990d56f5ebd9e767dde42715e9b6cbba5630e49083d2285fd,c528c14ef19684371cadb929cec10a4882d0eec7fecdbbe665114579104795e5
000294,train,460,445,uint8,91.594,60.406,0,255,124.012,ed0d8c49818afb15d988fe18c12ef39f68f5560e6a78458e2baf351478c9740d,0772bdbd803a963a2587720f90472ae5193bf2bb52a1a8ec4e0b72aae7df89e5
000295,train,460,445,uint8,91.856,60.474,0,255,124.011,d0afabd5f9b3316de2a4fe931e698c1db58a45e8e983e2b9eac182d78f4b2b34,21a868beb731efa5c35f0a62f647f9097dab590393d3d5758019f753ea493fe7
000296,train,460,445,uint8,92.36,61.054,0,255,123.947,dec29591c6e247bb732890e46e4bc8d9005e0da9192d6d63d213515a32003893,10948b70bbf7fc2593d0eb01246ede755cebd6a47208a164d2b87dbdfdf1c0bf
000297,train,460,445,uint8,92.295,60.971,0,255,123.956,d58a1082cb0f050f4341aedffbdd746cbaff891d2f1f0b025777f37ad9ee93e3,00badf866f0eedc4155a098c08d93fb799b90d52109ca13a30b824cedc90f8ca
000298,train,460,445,uint8,92.559,61.069,0,255,123.854,ce7736769e12af301965fad053587681a618966d6d8992c39ecffa52f37a3fd3,3698b5b81f72b7eba59bd26027388db78c906dc5e99b5c04e406e0d44ddc8c87
000299,train,460,445,uint8,92.58,61.162,0,255,123.798,81a7dcf9cb8eaf893200015de3310edccaba224cb066306cf28be982af667616,91da516e893710cdf2e159c7f7e9cb9536d8a3c7470e39bc03e5a3765313b0bb
000300,train,460,445,uint8,92.892,61.304,0,255,123.889,73477edf1d496f0e5b06654db493286a83e15e7c29928df597683b29ca63f589,87a5ebf732126b8ac3a6152d57a055a6075604655c9ba15b8d489e29cc2eba45
000301,train,460,445,uint8,92.913,61.299,0,255,123.763,c26e77014f9aa3ee134a9a2631ec6c5602b81c8fb151388f4a78a284ecb70e38,4c2114606419e1284e4924e55bf89332924bd9d860350bac5ed7f5205532fb7b
000302,train,460,445,uint8,92.661,61.271,0,255,123.78,fefe51c2727acba8870578495f1f785c07d2e53238d712e1c5f79726bff3e9bf,ca5de117606a8a7df6587c3aa5840fdd32cbaf3e29b2a8e2245d3e7723dd7cfe
000303,train,460,445,uint8,92.605,61.3,0,255,123.894,2fadd6ec3b22718b9fe8237b3456bdbecc855f3e9254e31a24c7274310ca3258,0226b3bb3de1758648fe4d612b186f7946a067e0258df3b70c8b502b22ff391a
000304,train,460,445,uint8,92.759,61.41,0,255,124.051,46c54d4439474fc4735922f8e107ddc9763e32c3aaaac0bb85f0882b550d5b88,1c6cac35d4f545c6661c66f253b0aff47d0dd94b158981d950cc84423e914de2
000305,train,460,445,uint8,93.226,61.602,0,255,125.241,0d04d99f45162b247a31243f0f4e958b2d830189e68491cf61f8fb3689e5bc12,34412a1687dd7a0f1e7fd4b387a3af51f4f3252aced4083daefbb6968af48863
000306,train,460,445,uint8,93.62,61.925,0,255,125.693,ffe7b60edb2efa3643ca8c4bd452c7e72af49beb20f7bde2291e5e6979a78c70,a5dd19cabff5dc34f0b7702fc8215fad61388f4204ead5dbf65872a4f8887768
000307,train,460,445,uint8,93.276,61.786,0,255,125.698,a9e0cd1ec492a95ab59a59f9826d77f014bda52e4c26fa9ea434c2ff9610ee82,01cefab1ef8268da6cd941a0f613b9799997c3fafb30c9fa1e0f6c262ad99f9b
000308,train,460,445,uint8,91.277,60.999,0,255,125.668,2cca8023e793af2c115a6873c14c4ab57be84d1f7f4ac8f5da2f0ac4236592ab,4aa359497dcb93b4c814921a4e751ce71d8b2da661874f794fd2b341bb3ddbcf
000309,train,460,445,uint8,88.882,59.697,0,255,125.198,7b034aae017d98326381ec39bfc5dd5258a00a50c015ae34220d671221bde8d0,196ff1fa8eb83bdc3306b5e6ef96c92d1f9ed66906bb9ddc9014cb3b1c564f9f
000310,train,460,445,uint8,87.082,59.17,0,255,125.254,0982a68958af657345736995f4fa5cf5b76577b5739fad26bcea4fcdf6da71d1,2dc108ceabab4957edb9fb7deecf95afa52f5ae36886b0c2f2fabb557a04da7c
000311,train,460,445,uint8,85.586,59.19,0,255,125.307,0b68960e5c9073d34636a1fbcc24543cbe6ef7f9aa014581d05057bbe16f3a23,cf5e49360123da2068ecaf93e514ae28bbbea611fe05161480f1fc9f692fc9d5
000312,train,460,445,uint8,84.822,59.533,0,255,125.411,fb4c99c8a6eaf031a63c04dc97b68ca06f017aede9a4ad7828b744e79c3bc75f,356daabda208eb68f362ab548f6f2788a33656a52fc898303a36cecb7eaee622
000313,train,460,445,uint8,83.454,59.614,0,255,125.35,52971322ca64d49f0b3b93896ab25cc5fd90fd363f8355f5dee88e312fbd38ca,b6a695347a6f4bd1c4ae83e188b6544d9135b811419b5f74c6a4341a6f0f6578
000314,train,460,445,uint8,82.603,59.453,0,255,125.387,9290dc88ad8730182e8b78c098c3f13ebc5ce503cb6583c1e9a724dbbff39830,ddbb41d95989a7481b21f3437774172c2afd88d7ac4543f007b92682497f9269
000315,train,460,445,uint8,83.07,59.131,0,255,125.335,f66a36fe284fa7031aa6940d89bf4ff2e4bd19e137a22ba4d9b0aefb4986d578,f84fdf0859fa2b1a714e13b500b7110fbf33e1efdae56f4d8c53e590ea067840
000000,val,460,445,uint8,133.239,7.712,105,150,253.938,aca4d7f55c23adaa20feebddf7d5d37c752c7a97e29d50a957b87db00ecea501,268853f3a7e5825e4683bcf6a18b08a2a648d99f497df8af49ead17364d0cd34
000001,val,460,445,uint8,81.014,58.174,0,255,252.348,450455dc79a30e0ba8b5560a5323cb9edd0623f14963c810e849f8663ac5956a,fc528ee9c26854d2d8105283eedcf16667f86d6056c81d26fbcf9397ee0c6fe4
000002,val,460,445,uint8,81.064,58.216,0,255,241.525,123f17870da5c1326fed08d10353f0eab1b59db2c74bcef43acc949f2de4e7c1,2f364fca6f2d1b0d472d8cf450237031ad56b7c179b3c4fadc2c4ca0fa62cc79
000003,val,460,445,uint8,81.121,58.29,0,255,134.273,36742f470134f9870982249aef421315d111e73f9fdaac1b8862734ff581f4d8,64120275e2c4edf05ca3233c86ae731f2be736a64653f8a8578ec3df4c75678a
000004,val,460,445,uint8,81.209,58.424,0,255,114.064,e7162fc34f1d665e4deb0838f49690be79f214b5e360ee022f2a0deabfb924d9,98b44d02d7a269b2e0de667945bfb4870842a7897d2c773f6d44037c2110ad75
000005,val,460,445,uint8,81.369,58.631,0,255,117.259,91687f5e86a458e5d994c6eb6fa9477ce15721c82a5252d6388b040eb452304e,907079edd1a880652c5785997453039286e41cb08981173251658e6932104851
000006,val,460,445,uint8,81.619,58.846,0,255,118.846,fcba80569ffc96082ae434ac8d55d944757023f1253d3f5a73d0a45ccbbdf90d,9b120bb07ef3b900f284891a29f89646b20dff567a6e9c82ef94dbd439b89f04
000007,val,460,445,uint8,81.402,59.003,0,255,119.832,26fa4cb1c54c1c7f962f71c9d360a037a9abdca8848f06d747508a1db5a452e7,8774f3145c1becd5d6976c2efceec150e671099ca71f62167cd258c2a62c5698
000008,val,460,445,uint8,81.007,58.621,0,255,119.971,c251cbe2cd0465586740f35d07b9aa7dd6607cf3991e5dcd28a3eb2cec0ffa18,b590832a42b2024906ddbd558efa751de30a72627f7b2404612ab40d3e00b372
000009,val,460,445,uint8,80.915,58.443,0,255,120.014,06b4ce67c4a6f2ab8c679db93e79332dba6152faf99ee78f8ba3af7f02b8e5a7,861247edcad60e4610c596ba755433f3ddfc962b5b4b0e6b9e3128636a48bd48
000010,val,460,445,uint8,80.818,58.318,0,255,120.435,dd50b90f1869763388bbe821061273d5350bc29eb1254435aca2224a0dbce766,c4fad206670c5ecb658a8c25a7ad39767a65069a5e54b62897e4e6d76cbc8ffc
000011,val,460,445,uint8,81.002,58.257,0,255,120.615,5179db3064aa89248bf3beca23c61438423530055ae454dbe7d9b136e3f767f5,448f864e14b9d5dbd208bd3badfd3a2f381fabc08ead2621babccbfce811e8b6
000012,val,460,445,uint8,81.194,58.286,0,255,120.742,17f890ec0328328914d8f228dfffc0df7769c4094c57acd68edd312460878f3d,8ea7c5db28a89f254df1099380c9bedca24d9c020298ca7384b4d52497fa0df0
000013,val,460,445,uint8,81.216,58.244,0,255,120.793,d0b13b34fe6483a621bdc5bd39e497d6e780201415b9986cc1e74fb52cbd6652,bc73050ae1b7ebda8c4107d896f5d43784160839353d819b63a670f308be6d35
000014,val,460,445,uint8,81.282,58.265,0,255,120.815,49551eb299c616f5000bea7a5d4c4b971aaa5c43ed63f03e716bf8f942e69aa3,9d9a82031ad22a5e10328f58033518616caf9b025d129ff9b05900481c61a390
000015,val,460,445,uint8,81.083,58.248,0,255,120.451,35bff7f62785f555e605309cd96334d9b66e8a7c69ce69a63bc685a425e6644e,92bbdf95cf8d23ed447824f94892da14b65b728b00031c6575dbebac6d9b6753
000016,val,460,445,uint8,81.203,58.54,0,255,120.357,a1f4453b4a3974ddbd58359b567b00d460c61d1b37091249b53321b70b4c169e,3153c3d735da1a339bba75b43d5969e66d809aa4360f372fdf50f48fb7404793
000017,val,460,445,uint8,81.293,58.792,0,255,120.016,1f3f2fd32263d92a73425dc7614855dcacc3ed898c7ebd379ddf55b0ffda6dff,6011ae918e8d20905269f6325a698426600435549f065e5eb89e9c0c6eb3a8ff
000018,val,460,445,uint8,81.378,58.798,0,255,119.67,8f547412b973ae108543b305074a94537a02c76b91d7a7642df459e5ff1d1871,9cf4abffd977d70937e13bd53abab60641ad6a88c63f6748a45c63bba9360a97
000019,val,460,445,uint8,81.369,58.875,0,255,119.546,eccd23e64cda2438f19dd12e7662b174d3b84df53c8ea627536b362891a57b80,355719a1a4fa6d2baff719818ae8dfc673275dce0bc580151cc3bf135e794e51
000020,val,460,445,uint8,81.344,58.991,0,255,119.317,40960cf42cd9aea8598c2bb9a2bb8f547f690fdf22efc357981b32cf38cf590f,1c5ae1ac17079c39f5841676da24883dfed37a819b4269cc807cb2cc6837f81a
000021,val,460,445,uint8,81.164,58.928,0,255,118.963,4a65c853aee9b3ba8f9876a5702257249a34ad3357b1cbe846b085232967e89a,851d8294a95294194e70865340d7db983014a168db5540c79f2fda2db2d74e88
000022,val,460,445,uint8,81.456,59.063,0,255,118.478,f90b51ee2b440f2b2f326c454b4c3475ed5c086c9c3f829b9721614ab46c241a,a539901e655fc980e4401f0bd9bee4eafd25979814d98f24ad4bc03bedcfd7c6
000023,val,460,445,uint8,81.244,59.232,0,255,117.442,5cd6b3ec78197ea077d3fb905405cf375ca071e515e3c239047bac78237e9c2d,bafa6c834cbab952c2d5e27dde9e634d2f5ef345877551f3929010aaf5e5667e
000024,val,460,445,uint8,81.476,59.298,0,255,115.64,56851ffa7c801a0e8c82b92ca04e3672f38460a850bdd8ee952a1adbbe3627ef,446e277e0c75427f74309374634a56887e5a27571c09c587af423be15ee62bdb
000025,val,460,445,uint8,81.748,59.504,0,255,120.606,d951de143a3212601bb64f0429db123ae71c1f0654cfff8cd70947dc24748cea,5a2e12a55624f1f86e52e35e518d3f2a4f3ac404ce25e49813209d68a1bcf861
000026,val,460,445,uint8,81.598,59.349,0,255,126.29,7a5b9891b2b163d127c59b500188027cf7c13f52847101b24ae56f78801510c8,a4cfc9f5874347164d49656870c47e6f828436034e37f50c530bf991a63a18e2
000027,val,460,445,uint8,82.412,59.414,0,255,127.535,6f0e1864ebe3f9e0325d12090cc275cacf680f0401122d39b1c886abd5f8ab8a,b7f8170a92c9731ea926c3a02c89ed4302e9694e08ef03bcc4b1a044657e4595
000028,val,460,445,uint8,83.849,59.917,0,255,128.067,7ae48c695afa93e738b3c96b4d476eea5a78c2a3f26e2229ce1506fa73cd5ebf,c2ee41ccd913180c96d6f267dbaf1951e7ab086d1839b1d4ffbd2fb2ed76e3d5
000029,val,460,445,uint8,84.799,60.537,0,255,134.199,fe9874e8b8315d5d3df28937a3843a27dc4aaf2c915be142fb7c84db5e5bf86e,52380a2da5e9bf22daaebdb63601135b52adbb325d7de91f0d75a91b601c2f5c
000030,val,460,445,uint8,85.657,60.23,0,255,134.814,377c0bb7f7648573100350d673f047f99059e23aa942c8840a294b769674b39f,c1850ac6b4a4fb308f1a60c32d6f544b17a55191130030e2107b312d836d07c8
000031,val,460,445,uint8,86.867,58.998,0,255,124.549,ff09a753021a75f1d5cd4703da7e43cf3c6bd45f7ad87253152020d4b7612969,7d8bbcfe0ce955ebb903e1a6b91c63bc25211f94c3e2cf5e3c42a39d72d39b12
000032,val,460,445,uint8,82.538,56.87,0,255,120.691,44470e18a8fcffba23f4c434d91d5630457b5a7fbc2f94b78da1567207487d6e,2b3f616905b533d6337e4e114ba9cf54f2b795de61becef52b05a20b49db27c1
000033,val,460,445,uint8,79.335,55.709,0,255,120.415,3d786dc84510b233b3b6488c6d4a4d1e5b6fb50a687d7494cbab5ad991da6b12,b212cb214ec7afa84b1d2f18076ffc3637369fa292b651c4011bd20726e654ae
000034,val,460,445,uint8,77.531,56.414,0,255,120.201,0e8d5cd32c164730a9649fb28bbd7602dc9b3eb8b78d12e497509b983ce9fa6e,4a002d2fdabca7e998ba9052c2dd6549d4e2968892e31aee26ef9e9fa5681aba
000035,val,460,445,uint8,78.735,57.866,0,255,129.944,b31d4e9dfe2104aa96b947840b714a269411623f0ddcd22efe1bb5deae880bb5,4cd8284984796b37c43ff5b459d94c4edf99f5f14f706bced0bed7e3666d76d0
000036,val,460,445,uint8,80.427,58.464,0,255,139.201,55454c044753b58b79af9bb4b6f0ea9c43d6f5d18d8be5afd2d2d1ca818f3ddb,78d368982138a4af4e798d76a12e9338f2e15c06f2a18e864b87c1654b429a77
000037,val,460,445,uint8,80.77,58.657,0,255,124.849,2a5bc0fcb78fba2a8dfecf8ecc6f1172def84098af81bf04cfeb5f1274a4d11c,dad9d04e3f9c639df5bf4b0399124fa6868532f4948b6d52f97c5e1b4a4681c5
000038,val,460,445,uint8,81.839,57.462,0,255,119.806,2bc22543695246536f7ff9830af783c366dfe0dbbc55f2d68201b80c1d6eafd0,3015325be3846df09a61a6f652f686836cd88c08f0b82dffb7a2f2abf143b828
000039,val,460,445,uint8,85.564,59.108,0,255,119.393,2c7a1d693aca4030e158094a8fb9870d1e793efeb59daaa6b8886195e3481d9e,80653a63e46fcfb7a851f9fa168eeaec97674584c05a06bac733e9edd3af5c77
000040,val,460,445,uint8,79.409,56.126,0,255,119.567,5ef78403375f9bd737a3a09de24b61649c42bdc58f79b64343cc9a7f4fdf0e7d,4d932fe1f90d3252bc502cd63a89cf82a6f2c55c12db6e196a12dec5aa52b65f
000041,val,460,445,uint8,81.201,58.317,0,255,119.399,71894230df6d7b6c15fc380863434d97acc5f2138802ac4f29e57b2cad28166e,daf35e9c72b5bcbb0d18e696630ddc60cfa2ca5b43288d4fc557916788c8f929
000042,val,460,445,uint8,83.562,60.175,0,255,119.376,946bb79a11b1e47030c948ab8cff22cc5050e7f4f43bd786ee76182de42afd23,d719f3f8b47d19d202fa65c5f929e0c922ea2533b1a2b1d9cc1c4059289f5548
000043,val,460,445,uint8,83.767,60.497,0,255,117.1,8090c9e7e50e3db7a761f672bcdfc63abccf69141594e7bfd76ec1d23a200b3f,8f501c776553687f3cdf4c3954eaf20b8fd5d07d355477ce50ac94f35c6506f0
000044,val,460,445,uint8,83.867,60.544,0,255,104.2,b9aab1dd908ea6bec0903ec33c746c7ee8b2016b0f80424655c8990f5df45f7a,16adaa2ff703fbf8ffc52a0ce04b466d78eb1a37658f575d021ad5c4eac9e5b2
000045,val,460,445,uint8,83.83,60.502,0,255,122.693,c9087655ab87f9bf5e6acb7bbb5ba95150ff56ece8f9c459c5902e04e44a3318,a9cb151dd0ccd170098531365b073f5ab600146bb4c80a37bbec2c73d8f25817
000046,val,460,445,uint8,83.378,60.351,0,255,131.55,17f20512de421fc5a7bfd8483d6d777707269e685757e3eba99f7d825a4ad230,c80f13e2b0c2a2292c0b78832dd77d3fbd4e71a10fd1c0a3e6c1b8b54b0804f3
000047,val,460,445,uint8,84.815,58.524,0,255,131.428,5f52977e213733227cdf44c621582f885936248b092bfd69d13b267c13abcfc6,eab31dcb9100bed30b3160fcfc869c0cfd1bd700426a483bb97d99e293c5f577
000048,val,460,445,uint8,86.945,58.591,0,255,126.005,9deefddfe5d0ee009404ae53766965e07c842ec508f946f0b03af6d32cd67f5b,4806d7939b2290f0ce4f965c3e293439d28114884901da0d439e1b3562216514
000049,val,460,445,uint8,81.546,60.443,0,255,124.378,e571ad9b8e79581720b35b4e53b426c3200e0d0ca818f37f96096ecbdb2a76b4,c3ed020eebfdaacf19d7b919d161b391daf796f41409381c4ed5a96e2ccc37a1
000050,val,460,445,uint8,77.539,59.56,0,255,125.248,456c5558717ce32edeb56aa2a716b6ca01a0b8354e7992490055ae64448538dc,70ec4be78df241e5ad28f5087d69f25fc8ffa4f13daa8d26036bf39987664ace
000051,val,460,445,uint8,76.544,57.55,0,255,124.209,7fefc64306ba9fb529a0d659e2c099637947470ca1ce712131f9a8e620aa44c2,ddc03ff03ea77d7cf8d29ab61bca669fba354ebfa3d6816ea22a96d421db6487
000052,val,460,445,uint8,76.668,57.121,0,255,124.097,c98488ccae50d9395e8d17b0506579a357bdecfc48ec6382166a1b8f86c6b806,9d33b3aef9344b338c48b4b8124a60ffdf642d7507f3038aa70d0f9236569bef
000053,val,460,445,uint8,76.714,56.93,0,255,123.992,d1d606c608f367b1687a320800c89666ed8ba42066b91e67c0118315eccff3d6,619dd8d7f580ee67f1d5a7cee8697e4ff41f9ecadb438e8e6cd7b537f12413c4
000054,val,460,445,uint8,76.619,57.019,0,255,126.504,0ef9cde17944e4faa0021353209c65b616341a14384a7dfc86248e1d736d72ec,a377491938805855aa11cf0be08a3bf91e89d5f89719f462de33db99548e59c9
000055,val,460,445,uint8,77.122,57.339,0,255,126.886,853dad6e799d6117e6117b77874dc618290731396dc7dfde98a8b4516bcc39f4,cd96fe9a6a0c62fd2b33307bfa2afacac27082a81e86306f3db7878918fd6058
000056,val,460,445,uint8,77.469,57.367,0,255,126.882,9dd1724df3a8c16697753071cb4b9d30696d50ab8281ea34da22c030936999eb,eb05a9d49696faa98eb6e5df7f73042c8a1f068c9eb4ecd618d074a610cf3612
000057,val,460,445,uint8,77.633,57.264,0,255,126.813,320148251209e9b080f1fb8a89545e18b4439828d67eddbd982f326c16f58ea8,d8a34e9153fdbc15a84ffeb1e0257ca86465dec79faa10591c99089baa282c65
000058,val,460,445,uint8,76.396,56.8,0,255,126.285,5ddd29c3f249d3ecca56c263700105c3c1d3a792e2577912a8341b13bbe131ed,aeae1e9c46ae3def7e6990cca081f3f6000c0dab0e14df106a331231738cde8d
000059,val,460,445,uint8,76.153,56.731,0,255,126.032,0592a4d81ccb3e3556b89763fb52b8970292e565f6ac0699c625db6ad9c382cd,d8fea6113f5e14802d3aef6991239daa7b648efed433ef72b21d298df89b946e
000060,val,460,445,uint8,76.492,56.672,0,255,125.586,906eb9938c3bc88def87959f4d6cbafe30d17b47c0071c398a76b8453ab182ae,0efdfe414789bcc34bb61f1b798ec1a33d6aba649c0e22eba9aebc1c9a9ff663
000061,val,460,445,uint8,76.811,56.682,0,255,125.469,15b6f2008cec1c3aa5c22ac643a558141525bc9acb3817b7dbb3d5b26097eb98,21ec6491c5ce047af12c5caca1bb0f1439a22bc0bbd0d7db232e86a9825bac53
000062,val,460,445,uint8,76.473,56.736,0,255,125.326,37406f93cb71986eba9ce996ba90f3dcefcbf0a87e794b5a1229707c3ee637fa,80d77f80ee5127c1b1e7f08e5ff3b0556a067be6af4b6188741c98543772cd0f
000063,val,460,445,uint8,77.149,56.935,0,255,124.958,e0322ff1e525cb9f6e77c28e6c67063cc3337eb11a0f0aa121205781641ad066,18a54d8db42198971a98edcfb690ef4a8dc227ddfd53a718d13ed195645d1f8f
000064,val,460,445,uint8,77.057,56.801,0,255,125.551,2aed601ecfb82f07119a944571ba31bf87d10fe13d3b24c58fdc569429182b09,2f9c30b5e09f481d6ab0a94740e2042043e792eb251240170e2fd88b31d6e15e
000065,val,460,445,uint8,76.767,56.881,0,255,126.597,e0d107296c18d4e89ca281b1bd28924ac93f5bdc311947aeaf21a69f02e8f83d,911789c17c782897ccc07dc5aeb88ffffd1257b2953e10283c866b91235bf4c4
000066,val,460,445,uint8,77.023,56.839,0,255,126.707,b4ba041359dc1d8bf8c58a510a23792d55d0e97ea7ae01e286eb2087c0322ad7,2fc22bf2e1f91f17c2706fe3aecddcc15d438357e0bdfdc0797a511736413c92
000067,val,460,445,uint8,77.423,56.903,0,255,126.824,88879f03ce039ef741727a61ca1d666489e1e7437affd137eb420b6f31f22058,949e1897bd8d26312b49e0b1008291951d0e238bf6191a5803a964a5dfb8150a
000068,val,460,445,uint8,76.677,56.637,0,255,126.649,f3f2d3b600ddd73bdd07bb25e5851ce69e19c4b2b37130771ac31e8f933c48a3,bfa53e0311caad3751f3cb3463147b0b5679e1bb67bc871d4c97e2f11c66f994
000069,val,460,445,uint8,76.331,56.741,0,255,126.606,62294489bc30d4a3887f6b03d392bd3f85bc9ec2049f3b7ccf740f0d67b73207,16ee249f70f38b8863df29c1da0b2ef23f87be205367686ceae629a1bb58dcf4
000070,val,460,445,uint8,76.43,56.735,0,255,126.642,74a00c8f27d173e755d093aaa193a80b63d18aaa6492d658e5f42bd4b8edc1ba,d7d7b29e1f9c5cc5735aece05fa29b6d7dbe03b19538451fabd10330f6fed54c
000071,val,460,445,uint8,76.484,56.703,0,255,126.716,3d4a1c6b774826274652749df949c6babf2a7b5a5d81ae84e4c7b28921dc4e41,ce516936808c358b51904a706c8ca1cd377ce6edd065e8751dd8ab3b9bd4cda0
000072,val,460,445,uint8,76.448,56.701,0,255,126.775,f037427a364d93a65b61515ce36dfd126f47e4b83e56fab8fe9ddeb1c694cdfd,9b9326b9c3c34974b2e3ac9644c0c36e629f05d4cde2f0628cb00db1465bb2c3
000073,val,460,445,uint8,75.51,57.479,0,255,126.733,8bb8feab943930b95a58dea9d602015654eeab8b18dcd6b619a8626893d6ea80,1403b4032b0e8bd04503046fda36fd60eb47b77b62bccad71f8884b54ef38ef5
000074,val,460,445,uint8,76.878,56.785,0,255,126.735,01036f486630d948dc881bfce9a5d14e2c3de2fde5b2e3e9978233c2fd98940c,02c1ea249e07e708471b1dcfc2b53486f34aedfc026a07233196eaf1d7c0d8bc
000075,val,460,445,uint8,77.303,56.844,0,255,126.454,472f4ecb94802ec901a6a3d3b0a790722283651f572f1b49daedcfaa025dbb99,56259e62a264fd2013bd07ec6495b7dc392ba50247c1cd8c11b483c18532a22c
000076,val,460,445,uint8,77.149,56.833,0,255,126.476,b1da4ed2570198b5271f847dfda6235722990c893ec374bf6b41cb2d404f2abf,e18535d7b7482449e75ac9d6f6680757fe1f72270601f6ea2b7fca74127a4c49
000077,val,460,445,uint8,77.312,56.852,0,255,121.926,41dc754d012ef4db9883f80d2366ff424c6e46ca3755c2214edf78079c8ea0a1,4358f454dab52744be7ed129134115648b3ea672d4f319e991f7b817f35f417e
000078,val,460,445,uint8,77.191,57.007,0,255,127.221,73482a2aeed88f6ab8ec8228d8ac407e637f948bec82f16e521fbf26221cd149,2abced7203844ade2e209d1e8ea7ff85ffb266b43e28d8c0f248d42f948d576c
000079,val,460,445,uint8,76.797,56.904,0,255,128.225,9c3e8683216adef6426001e6eb88786abc10659e3f090db795b1c797d601d30b,d7de0acf32c6246abc88c3d045255f3deae9b385eecf7e3b6cf8544159970437
000080,val,460,445,uint8,76.458,56.66,0,255,132.654,7251a501a4ad746e8c1f850a39963e5a3f9e6d12842c7f7d110c619210fbf31e,8230aad890ee7528fbd6c65455243820aae624fe5ddb968e165967f7c3e4ec11
000081,val,460,445,uint8,78.931,57.865,0,255,138.275,d48e6f68af42b1b2ca86d8e7880051facb3ea92a9f4a5b64a2e73d43b04ffede,b61520a827847b58052ff067c5f41931c31c3b7bd93807a8473fa4bf414601c6
000082,val,460,445,uint8,81.286,58.804,0,255,129.669,6be6bf33f02b174012bcf355d297d4751fda117c0302b14e3468e5f85d87dbce,1974e2502eb4851055e03c15855f8f3ec7d5d9343ebbfeb63c7451c26c356011
000083,val,460,445,uint8,81.576,57.825,0,255,128.204,b5b882fa5dc9adba37510094ab11b6ba4c015a992a374cabcb3e79022f065605,0df37326759f1444b3ead586d420227ade6617d3ed656a01cb8a6424f82f1c76
000084,val,460,445,uint8,81.023,57.82,0,255,127.18,2cf37e925ecb4840488cfef069718ae288c039b424e3b1579fef4da47477f1f4,e06ca7dd353ff395aee02899a1ec9619ecd705177187fb7179121f175a75c432
000085,val,460,445,uint8,80.936,58.503,0,255,124.498,3d55fa45802d1f5f1a7dd48d4ce5f2bf1dfc048822b4d027320e7b304476ee8f,cf2e2f3337878f7fee8b2cc70a83a15fe869afdb00fec3b1bc77d54ef90c72de
000086,val,460,445,uint8,80.765,59.063,0,255,123.421,c6bbe02869f34c2313d2689fd2f5c918ce2b666703f09b689c7d9d39b814ef6f,341de3d2b633543955ea2581818a9e08f519c3d78a4b448817c80561ab4a4f9f
000087,val,460,445,uint8,80.203,58.762,0,255,122.906,57ad5cc9147c664f7b42ce6db5c5287c6d9650e7e073e291243f86cb41b571df,59bead541cb5df56865ebbb7fda9acb7d6b27cabeab2e06965efe109c4b43375
000088,val,460,445,uint8,80.442,58.4,0,255,124.634,10ec83f1066b1926e47bd0ac887f5a651049edd6726b188293ab12bf149a8b1e,1069e25874a4b37df2399fa2136e01e3470e1ea113c6f8aecc2be141094b9938
000089,val,460,445,uint8,80.358,58.874,0,255,125.75,53bd6742a99739ce885876027f622d76e30d9c9da6cd739bc6ebe6ff8f4c0fd7,0ea7c737e6895d7e510a16d6232968e93ac18278ca1b1b20a30e718b336c078b
000090,val,460,445,uint8,80.699,59.503,0,255,128.012,970673a8adeea135c8ca4ee637fe93273728437e07bf983b471924ed58e89042,3182332b4fcd1579e4b9816b18ba1177808ec7097acb45d25c7dbf2b6cadebbc
000091,val,460,445,uint8,81.449,60.164,0,255,128.886,efdfa493a681e088ec90840f4b99a2af33b5477668cb12dbbe9aed9939497521,cf0c649270c91e78558707659ec897744517a3b4c4a294bcf75cf2dde183469a
000092,val,460,445,uint8,81.717,60.666,0,255,128.733,0603a9a04a8090424607a3b351146508bada0e43609a1ca5ea3ca382137aa542,6d4c9b5e57f9a1ec0e4067250b02e26d1c55cc32b9a218f092d3884236ccb849
000093,val,460,445,uint8,81.068,59.806,0,255,127.094,727088a8f1a6ab79cc29bae87c86d0808176103fb8fcf9ab2b383cb80ca75676,cacb9d2c606141f8efe00b0e72ee43b7f80ba682a7962170d971275e96b2aa35
000094,val,460,445,uint8,79.381,58.268,0,255,127.48,054b150784b2d2d8fd2696617232f7aa3224a8f8550f4460cc0b5254e4af9a2a,4f20b29ede7cc3300728b367b7ad6aceb8ab0942f0c6c8723eb4e07ff7132a73
000095,val,460,445,uint8,77.179,55.782,0,255,127.503,e2aee3ee3a7fb9cd46437787b2a85b79228a72f0b6450a20d9617caf03ccdf91,8fd5e658eb129ee7bfa9711961f8f40051f09a3112a4c053824dcc231db4f22c
000096,val,460,445,uint8,75.394,54.4,0,255,127.856,cf122bf95c39389a07b9362fcf1e6494cddf8c1c653ddf91f1a293ad54ad99d8,8290598f1352553e668420d8ba45bd68cbb9965829df76717c94d9dbb297dd50
000097,val,460,445,uint8,75.211,54.015,0,255,126.689,ed9fe7af2a771157cf5fb9f6a6ccad2079f1d2f7d32467ea9cbeed4a4825b757,9e05b34a2501577e2466b7cf96efc39b5648ef7ff3aaafeb8b3a022ca40067e9
000098,val,460,445,uint8,76.075,54.879,0,255,125.055,1e93773a5a517b42bf36cb6c7623efefe652cd423c35f5c085c5e97d5b5ef935,a53b94f6275a0465dafdb752088099d8b58bf4608ed9fb10907ca139ba08e6cd
000099,val,460,445,uint8,76.412,55.134,0,255,125.387,5001bbd0d1a4911b3efb4ea4705b5b4b3a6e1a3e9af251822536e5bf2c70003c,ea51355874a3ac36ac4aa9c86b197be7c78a98dabaaca63ffb3a6d8ad3f09c04
000100,val,460,445,uint8,77.608,56.306,0,255,125.325,c8ead3518443aa0455e74eed573d6dd88fbb60b97493a94ad216723fc014e543,d2100224222fde0a1654c5c1e78489151c3b7a0d28c68f75b2949721b78a6ee9
000101,val,460,445,uint8,78.575,56.321,0,255,124.718,7e670234ef89187136894ee032f811add8613e86005c1dcd3d8e3177ff952c1a,9cf1c6b0ad891c010dda1d224e8c73040cb0bb6997bbaa35f09a96ca24b31afe
000102,val,460,445,uint8,80.083,57.493,0,255,123.733,686a3222432333c8f3f22da5c17ad3abae0a1dbd400c7296c34e4fa941e10696,68364682549a5547fadb9cb01a224fc505aca339b2cb41b24fa0d4abedc44e93
000103,val,460,445,uint8,80.65,58.1,0,255,122.153,76a7e864ac71f56c48e28d0a9a907f40886f9f8a8b25d8532a0ac228bddd854a,527cc992b37ef6b24ad0efa0a70610b8a328ff1182ebc5755a482749ee5c7ad0
000104,val,460,445,uint8,80.921,58.637,0,255,122.742,9be602ca659865c13ea30aa04437cf4d9767a7821119ae4aab2958f189af76f8,5fda4d491d4fbd4aca634b441856a1475db484fe96fb209879c8fa0f084ed8a5
000105,val,460,445,uint8,82.075,59.564,0,255,123.698,58f40b7257d673d458bc79ef54b9f7d2f8fbb3c693410a156b76c2fe198915cc,5be8b32590d8ca050457fc03fe36fd0d508119d8d953f2732c07ac7c27ffb825
000106,val,460,445,uint8,81.538,59.468,0,255,122.833,8c72051346d851d08c5a9743cbb14713bc2f47ce6ddece01ff934305ca6dcc01,c12084efdb6aec46cc8bbad07063014af926d68cd505cef559df3e40193e1890
000107,val,460,445,uint8,80.915,59.243,0,255,122.043,e2a665fd102073f60f50702cfcd291dbf6ccb39f8394082d8831aaa551600499,aeccd4ed2ef0a3cbb9db0d98b985eae7edcfb238cf67c5809d09a33dd6f3ebd7
000108,val,460,445,uint8,81.398,59.418,0,255,120.831,fc3c2f89533c6c7dda5c7b43ae80ae40409bc0ea2b97b61f2ea29685def5960a,1c873cbb45cff95356a0d525820715498c5aabdd60c6d06e0c445216c7f7b4cf
000109,val,460,445,uint8,81.174,58.874,0,255,117.773,bca7eebb56e22fd912c5523f0af05604cdb7b6ee8e4f34a817c8a100efc018a5,e21b85011072d5cc77fef05dc5ce7cbdf5b29b893bd29bad0fbe052644311ff4
000110,val,460,445,uint8,82.13,58.832,0,255,112.301,24a5187eb990819cbe02ee425b4e894eb501d5254cd1302304ab4ee064288dc1,e82fca3fe5b19b63034d2a3469c9541cc48c38d8f1299adeb5ebf24ae7234e76
000111,val,460,445,uint8,81.776,58.444,0,255,116.686,368f0a82b0264e38186a075825af5fb1d6853288fdab5ba31a2abbf9c1b2ba38,9eb94fa10b9c7453c5556f9188a9d03b76030a2d0db59a8035c6a8a13dc2a114
000112,val,460,445,uint8,82.06,58.301,0,255,117.481,729b9e4af0398774f7f3f4a3beaa72ef05817616d9790a07f24ea576f82ca3e0,305225194534a84f3cbf0049458b357471e501725bbc6e5c9bf93aa06690a9f4
000113,val,460,445,uint8,82.853,58.406,0,255,117.178,47db2aef4ae51d5fe26cf6e095c73fd585c631873de5eb9291e8aaf9f3631931,bc19ad8343a031ec61a2f21abd23562ef5efbaee9d5705cf67300e711ee07d15
000114,val,460,445,uint8,86.988,60.232,0,255,118.448,28e3bbc3d35acadd9fa5b02f3a9a43710fd8d3b751463e5a3ed30a00cc5f83c0,f099069125e45aaa37b169cb3616d3666631e4fad535161566b63249a8de80f5
000115,val,460,445,uint8,88.579,60.233,0,255,120.833,bd1afe859f7e2ba3c3285e1f9ce5d9b5492d34326cc1506cf52feba21f0cdd19,1faf76e22236abf83a2ee5c160ac592d00b8ae58aeebf68601a548b2174ae6ac
000116,val,460,445,uint8,89.786,60.303,0,255,122.376,d07fc3888945bbc3784edd04d508081e364f3041d9daa6d0bf9008559f73354a,a409a5bc8d1f755139114a3928c20a0cef8e2a0209cf083a5260743b22f24b12
000117,val,460,445,uint8,89.458,59.892,0,255,123.689,d0ca22b1c69b1a7ae58fdbef9a8308d75ab14d729a553bbe26bccac85d3810f8,7d7e324a089c4f836990fd595223a6588c70c8ac9b95ad9c289ba27f53a3a75e
000118,val,460,445,uint8,87.579,59.462,0,255,125.043,7c41ee94ded2c96bd79129390e953847132cbbf0bd39f054a635c50811365a34,7816b828c8e71016f91ad0ebc9088d80169b6e23cb2dd7f4f48c706f70df6e08
000119,val,460,445,uint8,86.73,59.458,0,255,125.783,a9de4bb53a5c319cb9ed72acd46601d1b820a0bf4f1ea6554f81edc257595d85,eb62bdd2329136a5aec3c5ce19397b54cdf7fa51dca314b56da6bea1b97da2fb
000120,val,460,445,uint8,86.956,59.754,0,255,126.377,d725b38c721c2cd08005ff19516f1aa6c43f5a953f1a5e52a61d52c6e9dc9385,f994fc0cdf14b0ff540e581a5b3611b4f939aa0fc6c9e8aaf430a536096f8c7d
000121,val,460,445,uint8,86.837,59.986,0,255,126.794,bc4dcaca0625c85f3b4144f00a413e10418fb803f1ebcc62c5dbc33c928d36f4,4cb72aca9f0dc9d0da06ebef9b9d093479e833957c790a3d5666d7e275e3c1f3
000122,val,460,445,uint8,86.923,60.207,0,255,126.983,a224a4207678243c9c864cd137e7e321c0615ce7fbf51fecad545474131bf8ac,8044cfe20b22af22fb83bae97cf1664980b41007aa86dc4c00e33f5f64563bd2
000123,val,460,445,uint8,86.77,60.466,0,255,126.034,332352fb0bb98d7c4f20e2ba35919364d56860698b22b2c934a295dfcadec31b,ada5ee639e4aa63adbde795614c131dd0520356f92523dde3a282adac3e2f259
000124,val,460,445,uint8,86.585,60.595,0,255,125.162,4f8a5a794d24fce9eef7fac1d7ed0cc88fbb1ad0d5f31d4f98d01a5e516716dd,c08802042b431fddfc91805b76f4d856e571d7196eca973d19b53bf594803410
000125,val,460,445,uint8,86.512,60.461,0,255,125.386,e9c2d48a4ac900530b391dd5064a596b77d4ebc7f36c614c309c74102ff8a241,526cff468db060f11bbd0cacb966dd845de2ef03039eeb43d8aee3f858fab1b9
000126,val,460,445,uint8,86.665,60.188,0,255,125.652,be706e714846a65e1ff0bd0bd1924426f95e91c1bd3f3bbff7ad0a5103843ec6,0c5d6c6525b6709081828302218f97fe930aaef5ab081a804e66737377427ce4
000127,val,460,445,uint8,86.72,60.229,0,255,126.185,9db76ec1092ec916949f6cce53a8d4d918b161d342460780dc71396f8e710939,52eabb50ec84627d3a8f36e423baee53ed94d2ab340460d79e8755a019480621
000128,val,460,445,uint8,86.795,60.064,0,255,126.256,88f59fc3e7350f3f474b90668129b139aa95c20a38f687f23af5ce862f5412d3,7942ff9ebabfe95d94e31d3ec23ec69ca6c9e32fbb36168700965e7cce17ef6d
000129,val,460,445,uint8,87.259,60.4,0,255,125.952,37a9714529be90b8c623ec6a69979fada1268b71027b6a9b3e0953aeae174358,83f855f6572d667cad0206bdb5cc0cfecd33ca373421740b5b3d4ecb566ff7dc
000130,val,460,445,uint8,87.688,60.604,0,255,125.523,a5325fbd1c508c44c2889c33b5d1321a30372e48b5626e60535f1b4a3f5931f1,c6bdd7586b32101782bcdb0d0cfb27d650d18d7a2b423240959e01d9cf3f97ef
000131,val,460,445,uint8,87.962,60.863,0,255,125.336,a806e08804b18a2548e0fdac7ca1eae32ed776a11f535635a0cbfa0a258e8c08,d9b3deca33745384e627f85844bec938f270457b468ed0d5c8b938e0f31137a1
000132,val,460,445,uint8,88.676,61.028,0,255,122.207,e7b23e4a9caed3b41d5612361bceac5fa0633e08844981634181f8ba56225b6d,46797dea1e00f6f5bb07a042cf1d1dd76366d2fa4813d9aff7b46135e81cdd9f
000133,val,460,445,uint8,88.536,61.311,0,255,132.46,c214f7c11a11b3eda3366578e974d0310ad97219575222b0522d4d8c8676c05c,36c2b501e5ded395cad738d7eed06fc920a24442963363c1b2ba298bde09cb17
000134,val,460,445,uint8,87.74,61.217,0,255,127.716,3f5d39f5233962e342f61375ce1428dd144c0de20b9edfec9433b98dfb309d42,4b0728ad4aa2c722d4e00fdd26a89a05e669e74cf3c22b693fb916abba5192f4
000135,val,460,445,uint8,87.019,60.63,0,255,119.585,62d8a8758f6f2425b3521b3cfa2a77d816222c643c4ff12ce1782b6f2fbfb541,6475f86d6f8a48d018b165992c9884e74a4fd69ccb263d043c5f16a71749f615
000136,val,460,445,uint8,87.506,60.117,0,255,111.381,965dcb248f7fca4df5fc928ad5cfaa862ed88d71277c4e92a069d9661692326f,dd52e53815548a772f8a8bde44c99abc7b565ce834f3a336ce1abea106f044a7
000137,val,460,445,uint8,87.232,59.304,0,255,106.5,8283af86e9b11c90ce91bc05b808bb4a08f5708efbbac6c158de884275231f45,cad06a9f96fb0f6a26d5193b009dcfab034c3ef79c1679ad3c950ea75a220af4
000138,val,460,445,uint8,88.991,59.204,0,255,105.524,ef4596e27a5cf604cc8e98c837cf17fa05c730de892cff9b325f72917e91df39,093b1aabbe7c9c983268edfb718a5aef92740e0f3bf9f85adfd9426166028029
000139,val,460,445,uint8,91.772,59.066,0,255,105.677,16cef8e1ac2d9a46ab71130d55dc21eeb2a4611fcbf4cd95cd9dbc74a066ca16,70fa9c3b5715b6314843b796d8f73bd90be57b7210ab7a7c8878fcf121ce343a
000140,val,460,445,uint8,91.536,61.003,0,255,106.851,ccfe5fc562ed9318d4d0c0f2ea3af1becbd9b4d6d11cd58ec9fa70e19840067c,ea997fb81d41e8da06799b002146c2a7675d359f635077457558b1266b09f1ba
000141,val,460,445,uint8,91.35,61.09,0,255,108.292,a4173f07a56f5be559463f6ae1003b3b79541f2b78e696803e0bb1f928b7a69a,50ab9ace75149af1f6d3ee119612bb94138c1ad2a686f7d53f2137c99d89412e
000142,val,460,445,uint8,89.938,60.928,0,255,122.641,4acdda35bf35e57ab1924e4bc0fad95b427d0f88c16a22045d20811b7558829f,52245d94277376ab4ad481030725487b8219c09db3b8a0252e83e5978b361fda
000143,val,460,445,uint8,89.797,61.262,0,255,129.293,d8ca0a438d69bd3d9a291c1d3335be874e204c45df087766979ba83325b27111,c6a66f2bcd0b8ad30d598dde65efbc6e227fecb754321251c0004eeff08f034a
000144,val,460,445,uint8,89.65,61.016,0,255,130.383,de1537cf541ab07162fbdc2c5ace1b8eed2fe111ef6d8a43538338907c7ab96f,ed1071988d0d62f8e7853ef592534af6e29dc1f4d157e488f7b7ac13ff3b20ba
000145,val,460,445,uint8,88.316,61.144,0,255,132.841,ea7bbe1eab3e26a54f154bcbec4efba260eb906477c96c3a77dda41981bd2fde,b25516e11f5b6de25e593b73e8d8e1e858c17c6d0c7292b7a58679024ac83b98
000146,val,460,445,uint8,85.408,60.032,0,255,136.077,47e12a140d8ecaad7b3405959215a83f175ff2e7b7225b4859bcfa00d62be95f,313799a447e27ba85022d65c22184b7f0567b243647adc55bbc3e2c34a2e192c
000147,val,460,445,uint8,84.723,58.614,0,255,138.48,2c25a2ffd646e55f7a8b03611fa347aa46f8139d45ef5796618a98f209a4b24f,4cada77aab4ff4c6dcb3465ec7c4f450532b6973abf0db2d4b3cde1d41e31954
000148,val,460,445,uint8,85.331,58.763,0,255,138.237,598b161538f933d2708954b91ebc468f8ca4315ccbf9dc3246f06f92695b6e48,032ab1c4b4796315d2fb29e85f58815de7f6401ccb6591965d12300d3169af7a
000149,val,460,445,uint8,85.525,59.315,0,255,130.662,5b2d3c4004c389bbadfad40f646bd454d8720ad02d05c41b0efa4e46a5f169a4,6429b07b6fa0b9285a1ed1c5fb61c429cd78089bf7d31a6644b476c0f842e6ff
000150,val,460,445,uint8,85.701,59.68,0,255,127.646,f74c2d6251d10cb2b3ff01ef0a2ffaff071900a4ed9cc3412755e14936c9043b,2050c2b9538c397b9fc06cdcbaa6bf760e58823fe0ca405dc9bed1a32b1d6587
000151,val,460,445,uint8,84.743,59.26,0,255,127.465,dbf467d9ead7e9102ee94de34c8359256ea98ce614bcea9829108d292eb87690,862322865cc541a0da8ffbfbfb096cab4621218388eaa2287b1c01d31826b453
000152,val,460,445,uint8,84.464,59.27,0,255,127.067,058cb0b6485726f5a20f13e5b9cea6e29798786714149a59540cb4856ca6e73f,2872a254e27c122dbcee35f0dfaa014e2fcdbd0beed7e7353c29b92f7521ff1d
000153,val,460,445,uint8,84.002,59.281,0,255,127.179,c3e0d37448b11bc5d21e8247a5742e14b69316dde820dd30b94093997c7956f9,3f1e1ee8b946a274dbd099ad14ababafdcc23abd8bf13f24880956465d6faef7
000154,val,460,445,uint8,83.419,59.162,0,255,127.312,2124a59ac9729092bf0f9cefaf4fd4eb6a37b840404bdce84aa6b40412c36b37,181d13d1aeebf6fd89a397bfe6a4e4b3ec6c290d7ce140d6b496ff229a00e072
000155,val,460,445,uint8,82.968,59.014,0,255,127.412,5730ff2ce296208c71e4d5b6f219b5313c2c230bd0f2eac954332606fcea0dc9,af5a8095509dc1133388aa59cc39e8a581980dd6e5cecb30b7e291cfd12db0df
000156,val,460,445,uint8,82.754,58.977,0,255,128.93,c2aeaf1e10dff7c02f57a736e8f4d48343779a4c9ed8581f164389f845a6f60b,dbe0df9042e97a648cf0265295263e4dc9e4f215eaf5a5be2fb49b545e319820
000157,val,460,445,uint8,83.108,58.748,0,255,133.268,84158f3b9e45fc11ddb3327f0bd9410862cc5c3848427fc713eb1a34dc8f550f,9ae5958ffe28eceace9c3b02aafa4cfdb87dfead4d44d25d656063ea9365910d
000158,val,460,445,uint8,83.163,58.759,0,255,138.105,bd07ffd02b040c995f7ef05f669e37990b49c7045c08de551be14b4f0fa04eb2,a38bb19c4647b0414a9f58f1ac5b1a943b3a115e70e453df7b01ce4fe56f39c0
000159,val,460,445,uint8,82.873,58.32,0,255,129.218,90cc5a188a8a8ea9827f682c6953b39b72d1c5464c2ccb2b4bb61a3d72d978ed,96d715ebad0f69c113f1366188d81b39237eb5c8422807735f42e71c5d8841f6
000160,val,460,445,uint8,82.473,58.484,0,255,128.232,398c592b186915e589d7e7911c73125a4dc40931081f9412e57b6bec87463f51,4b0d90eb51b88beab6fbf435683edd479d91a65fd8461419ff2f0a733805e8c5
000161,val,460,445,uint8,82.15,58.374,0,255,128.637,69dad2c3d5417e9ddd9fc8b4ad04aab3a4b6eb800d91cfd19db8dd5bac0aa92d,d5a83c372bbcc92e5de276cb9b306a4ac720209e739bef9af9900f8b61712c0b
000162,val,460,445,uint8,82.171,58.371,0,255,128.818,e18f588d6a8837fc76366ff5f269f6da8b38801d24876d76238ca81305304964,1b20ea1235a394b7ddeaf09e23d6d5475888c74dbfb6c3b74d96c3a0892a3d17
000163,val,460,445,uint8,80.964,57.94,0,255,128.776,66a725889c2d04804b2c090d1de2beacd8ee7a86d7bcae440870e5e3b6a878d8,225524a76630e7e0a720ef193760aadb4810572293325f3442e000e0947d9875
000164,val,460,445,uint8,81.017,58.033,0,255,127.008,efb459d8869a8926f4f6f35fd64db295736473ffee27c55d415778d10683d69e,b7ee148fe120b623bd19b8e53eb69ba159cbcd09b0db624afe8f867f19b3bd51
000165,val,460,445,uint8,81.279,58.327,0,255,126.943,227b934a0efacaf44e2da0f4693ac4a073759f4178fc13f070b41e48f9bee126,a09edf8d84c3a735dbe21f8213210cd3ef6a2d34af30cfd0a4fc9453149c9c83
000166,val,460,445,uint8,81.866,58.891,0,255,127.465,3d411ad957ff70858332184c439f8aa4e129078b9a6019860a3e1e18bb7f8b32,42a71e0da8ca41b31e0fe4e3f11324e9f52a913c351629380d09216f78388afd
000167,val,460,445,uint8,82.83,59.491,0,255,127.579,96daf0eade652774702934b65a710f3a267ec17e759dff256ff626e85a3a1d34,5dd48303bed151c0d1948ff0538e016293d45e00249f925aefcc34f2d64ffb9e
000168,val,460,445,uint8,83.738,59.608,0,255,126.312,2fae33881a6418ff7af70e1c9cbea1a5902674df47198ce8f1ae4823248f6245,3000b858fb7cfbaa90d36c0c26a5449ee093e415ce66e09e9e5e267acc2ea2a5
000169,val,460,445,uint8,84.506,59.991,0,255,125.679,5d8b267afeb6ccbe9fa6fafc60d525e3264e1e8b8062792d76cd2edd0411f71b,86a59dcaf0a2b2e1c3b7688a4a91631f4020c92363694fd1d39ebcb68adfdaa7
000170,val,460,445,uint8,85.066,60.183,0,255,125.086,424244fe89ac93df2ebedb3b55f64aa1b001e5d8c07ffcd5c21d6a018bb60602,03cb49f5f85d703f8437247feb6dfabc4d7852355f1add4c3fcc19324c324447
000171,val,460,445,uint8,85.555,60.578,0,255,123.904,e22a7272366982d4601c755468faf76c405c8ba156ecd5237b61457e5a3cdc37,22f3fa3ed8605aad6e2afae556ce1a746c21d8d674516a8bb9e49e7d4a7ffa80
000172,val,460,445,uint8,85.662,60.621,0,255,122.801,18fd09c94ba08ef389cbb1cdd50eeb973d72018dfe86518b83951373c11405c1,cebf8e2b52beb813b7edb8ee14b07b6c96b6a5882f2af255f9423a59e1a7b4ab
000173,val,460,445,uint8,86.484,61.372,0,255,120.931,09a8bcc7ada4817189bf4ae5844cc66b86d74874f6de505d44593918e809bb1b,c452cbf0ad3ddaf56e71255b2b07fbda25097090e4304abe5a17756b9c8e15a0
000174,val,460,445,uint8,86.872,62.108,0,255,123.603,647fad074dd2d8d6b82efa7fa98d8e8b71730cfff6ef431966dba220206926c7,359075f553a23268477950bbf353af8841b11e6626694fb99619337f5440153a
000175,val,460,445,uint8,86.905,62.478,0,255,129.876,70afcab4221415061a9979c99a02879a161cf63def9546706c4a255cb7bc497f,429323c00e19039ae79f709dfab33acbb1f4a6163e1de7962fdaee0a04e7253a
000176,val,460,445,uint8,87.641,63.105,0,255,130.747,5e6dc3d8529caf87604ae073d458b312dab365245f78dcd3c6048f1f730fbf11,34e35308910ac3b4241e5e1593e751abcb536849787a2a51ee6cd427235b452a
000177,val,460,445,uint8,88.825,63.733,0,255,130.803,04287e8270ae792ed8fe517c26978bef6c6510a3cc28814e2a958a599bd84bcc,bc13735e2972e129e053ba9b0d9438b6430cb656ea676c9819bbceb5196b6be2
000178,val,460,445,uint8,89.161,64.196,0,255,130.84,3adaf0ef3b86c19a1b3e80b77c96a8fc1794606fcef6a2204c2835e9e8cf359d,26df3d7c6bf46be287276c3704f89a071ed5b2283f480848b5dc16a4f1afb8eb
000179,val,460,445,uint8,88.258,63.561,0,255,130.619,307382f38c05c9b0afc89a3e066f042f381feaf4b2dbc60eb37fb6bff3d1ee97,cd67848f7a9acf8bdfa4619011feda0861237080b1ca62bbbdf72d2913b94e89
000180,val,460,445,uint8,88.672,63.75,0,255,129.579,d31d9c2f9b968bb4ec7fef20e0949568ea03169d3e3452e61d429f8dd0a9948b,8963863aec448e37dad4becbf6785344b34ca052149aa92bdc13538ec8e011cd
000181,val,460,445,uint8,88.594,63.295,0,255,126.37,de12c3199ab4aaf45aec42defd13ad795a175380f6c24bf59179116144ef95ca,4df58c9b307c72104e96306644d456fdc082a1d7a5436e7486ce3409c257de85
000182,val,460,445,uint8,89.15,63.591,0,255,140.973,d50641090678ab2adf9c0f951d7681772b1df8cbb4fef35e29e8f8697dc80cd9,d92256a9790a572b20e9ed2771a51f7ceb383888a14285f7241c27440016785f
000183,val,460,445,uint8,89.49,63.225,0,255,152.084,8bb362a7bd3f3989544bc3cc8abb1ea0a2ba98d6f207abed7ed6b3460ce89ec8,d6c6e060ccef5d15443ad65c1365d0de26bcff4cb51ea742639e4dedc5c9edc9
000184,val,460,445,uint8,90.077,62.778,0,255,151.876,4cc841ca101d73a8367050324f07793c73c70f90e7775bab2bbf099951f3bdcf,361ccc8f5bb9e462b8c47525b2865a8ad2f84ed467089c93e8d9bcc1d3c44dea
000185,val,460,445,uint8,90.712,62.302,0,255,150.616,2f7601ced8f92150dde0a040b908d5be7280adce25413a064a60ef6389395b06,34398eb192228ee5a23e7a59304db2b94970bfc2c46d8afd577c8f223988f669
000186,val,460,445,uint8,90.587,62.282,0,255,149.852,fe97384122e1984ce0d367a2e63c507b61f68fb5b4eb2d3f09e347c559a53c27,f7fec20210a91ff60041b4b638ffe88349b37f3dd3a8f8c9d52de7be8b649bd8
000187,val,460,445,uint8,89.579,61.882,0,255,148.971,04df8622c1f146e8853d4f82d3ba32e9e97eb7748423077e31e4bf10eaab6dee,c41137fc704dafbf5526359116f48e69d99600ad94512d52409bf83b26fd7cf9
000188,val,460,445,uint8,89.3,61.376,0,255,151.943,be074b2d7d5e83cae430e034840dfb9c1e601ecb2e59dad5c8e6f659b82d4342,fd4e66d71c460f56f534f2effe2aca23e5e5ba99cd0a1ae54d344f5d2620dc99
000189,val,460,445,uint8,88.145,60.508,0,255,160.709,2e2de202d7ce04f0c52318e5a3a3d43b63dd0678614038fed04fe65b278ce1be,bd1d7c2e4643e30850ad59c8adafa59a18835880976bfbcfb52d3f22ca350a1e
000190,val,460,445,uint8,87.787,60.424,0,255,139.494,c07db6e46e27a6d04a80360fc5befe3719b58a6997fc9d1bd8bc7e8bda4aecf1,1f4a29dadbb8658ab2d61b6e0bebe8d506a0b3277b293edaed2536488e5e8614
000191,val,460,445,uint8,86.015,60.744,0,255,128.108,ab14995293bac27f10415b4295508107cd2dbce70b84bc69c6fae0e60b0877a2,a229917c62b093ea296b4fb7ddddf7488cb5ef917d0eda892df63284f39d594c
000192,val,460,445,uint8,84.982,60.067,0,255,127.322,e0150ca51fb8d2731203deec8580c31e5efd29116ec9104870a0914509ade664,2aec0e444c4a18c8d4c21bb68235212e79203f01f8f96c402c5d05c17c3d64d8
000193,val,460,445,uint8,82.415,60.4,0,255,127.168,345317cae0f0a97b1af811739321d520c5afdbddf9dfce121edf3708914a1e29,f0741951f362cffafe74018b0d31fb5ae4e954d5ddf7b080fdbf0900add40d36
000194,val,460,445,uint8,83.736,61.449,0,255,127.164,c8a080a9f132b3ed1766847b8b7c2b295bd5904472912e07ddea504f62045589,a57af8348b6748e3d4e04a41ac6eb1cbb342ff6a0ca83a1fc0ab81ac4ad58206
000195,val,460,445,uint8,85.405,61.24,0,255,127.087,1eee4d94f30e42eeb569734516250437aeb93319c69f67bcafd4bef9cf24e778,c64f9e5eeade6e9bde171aa54c342fd44df7770a0dd33f0b211c5a0859acd28a
000196,val,460,445,uint8,85.861,61.484,0,255,127.27,5c8aa47801d9002ee80ed2596cd1e0dba2ea0596a88b582d9659e9237cc9f0da,caef24f9e43f4e931b6358747ac0b309df4a40797fa79ba20669c7d66a491ac5
000197,val,460,445,uint8,85.951,61.664,0,255,127.111,44cc7e85fde7e7d7b14f883e2b4596aadadea551182364b60e7681ce2e2b1be1,da4e7b25e28e88e590b2de05f4bd09981fd1971780ea6a925a89df8982d4bafe
000198,val,460,445,uint8,85.728,61.498,0,255,126.984,5d8833668c92b3d769ff30e4c1e765aa40a2103c5cfd0793818635a00eed6cbe,e4cb48337ddc0e3bf593f4f5d5fd29c7430a49beeac425a6b07c72f7415614fb
000199,val,460,445,uint8,86.112,61.932,0,255,126.965,2acef904f0049cd8ebdb30cfc7fbac8bff79261b366462b07273d2d937aed17c,0b267a797b295286383659c004e9b6807b2d1a55419834a0944e561799121d6d
