name,split,thermal_idx,day_idx,thermal_time_s,segment,align_ncc,scene_dist,gap_s
vid_001630.png,train,1630,1928,65.2,1,0.4925,inf,
vid_001655.png,train,1655,1958,66.2,1,0.7458,0.172,1.0
vid_001780.png,train,1780,2108,71.2,1,0.7489,0.0449,5.0
vid_001905.png,train,1905,2258,76.2,1,0.7065,0.0507,5.0
vid_002710.png,train,2710,3225,108.4,2,0.6478,0.3654,32.2
vid_002835.png,train,2835,3375,113.4,2,0.7067,0.1227,5.0
vid_002960.png,train,2960,3525,118.4,2,0.6978,0.0776,5.0
vid_003055.png,train,3055,3639,122.2,2,0.6867,0.1797,3.8
vid_003080.png,train,3080,3669,123.2,2,0.6032,0.2113,1.0
vid_003205.png,train,3205,3819,128.2,2,0.6439,0.1325,5.0
vid_003250.png,train,3250,3873,130.0,2,0.6988,0.1802,1.8
vid_003275.png,train,3275,3903,131.0,2,0.6961,0.1923,1.0
vid_003400.png,train,3400,4053,136.0,2,0.7088,0.0546,5.0
vid_003525.png,train,3525,4203,141.0,2,0.7003,0.0297,5.0
vid_004515.png,train,4515,5391,180.6,3,0.7351,0.3403,39.6
vid_004640.png,train,4640,5541,185.6,3,0.7418,0.0162,5.0
vid_004765.png,train,4765,5691,190.6,3,0.7468,0.0214,5.0
vid_004890.png,train,4890,5841,195.6,3,0.752,0.0231,5.0
vid_005015.png,train,5015,5991,200.6,3,0.7521,0.035,5.0
vid_005075.png,train,5075,6063,203.0,3,0.4029,0.2983,2.4
vid_005100.png,train,5100,6093,204.0,3,0.3688,0.3564,1.0
vid_005125.png,train,5125,6123,205.0,3,0.4312,0.3018,1.0
vid_005250.png,train,5250,6273,210.0,3,0.7447,0.1161,5.0
vid_005375.png,train,5375,6423,215.0,3,0.7383,0.021,5.0
vid_005500.png,train,5500,6573,220.0,3,0.7325,0.0151,5.0
vid_005625.png,train,5625,6723,225.0,3,0.7337,0.0243,5.0
vid_005750.png,train,5750,6873,230.0,3,0.7302,0.0169,5.0
vid_005860.png,train,5860,7005,234.4,3,0.5951,0.1743,4.4
vid_005890.png,train,5890,7041,235.6,3,0.6886,0.178,1.2
vid_006015.png,train,6015,7191,240.6,3,0.7043,0.0569,5.0
vid_006140.png,train,6140,7341,245.6,3,0.7026,0.018,5.0
vid_006265.png,train,6265,7491,250.6,3,0.7027,0.0159,5.0
vid_008525.png,train,8525,10203,341.0,5,0.4845,1.0864,90.4
vid_008550.png,train,8550,10233,342.0,5,0.4994,0.1541,1.0
vid_008595.png,train,8595,10287,343.8,5,0.5019,0.1564,1.8
vid_008620.png,train,8620,10317,344.8,5,0.5203,0.1752,1.0
vid_008645.png,train,8645,10347,345.8,5,0.5089,0.1775,1.0
vid_008670.png,train,8670,10377,346.8,5,0.5167,0.1889,1.0
vid_008700.png,train,8700,10413,348.0,5,0.5389,0.1621,1.2
vid_008740.png,train,8740,10461,349.6,5,0.5563,0.1553,1.6
vid_008780.png,train,8780,10509,351.2,5,0.5608,0.1643,1.6
vid_008810.png,train,8810,10545,352.4,5,0.5646,0.1503,1.2
vid_008845.png,train,8845,10587,353.8,5,0.5634,0.1503,1.4
vid_008885.png,train,8885,10635,355.4,5,0.5601,0.3052,1.6
vid_008910.png,train,8910,10665,356.4,5,0.5723,0.2358,1.0
vid_008940.png,train,8940,10701,357.6,5,0.5843,0.1573,1.2
vid_008965.png,train,8965,10731,358.6,5,0.6041,0.3202,1.0
vid_008990.png,train,8990,10761,359.6,5,0.5792,0.2242,1.0
vid_009020.png,train,9020,10797,360.8,5,0.5741,0.166,1.2
vid_009045.png,train,9045,10827,361.8,5,0.5316,0.2274,1.0
vid_009070.png,train,9070,10857,362.8,5,0.5219,0.171,1.0
vid_009095.png,train,9095,10887,363.8,5,0.4891,0.1695,1.0
vid_009125.png,train,9125,10923,365.0,5,0.4767,0.151,1.2
vid_009150.png,train,9150,10953,366.0,5,0.36,0.226,1.0
vid_009185.png,train,9185,10995,367.4,5,0.3709,0.1513,1.4
vid_009280.png,train,9280,11109,371.2,5,0.3435,0.1903,3.8
vid_009340.png,train,9340,11181,373.6,5,0.3692,0.1716,2.4
vid_009430.png,train,9430,11289,377.2,5,0.387,0.1506,3.6
vid_009485.png,train,9485,11355,379.4,5,0.3554,0.1579,2.2
vid_009555.png,train,9555,11439,382.2,5,0.4352,0.1752,2.8
vid_009580.png,train,9580,11469,383.2,5,0.4201,0.1613,1.0
vid_009605.png,train,9605,11499,384.2,5,0.4216,0.188,1.0
vid_009630.png,train,9630,11529,385.2,5,0.4296,0.2009,1.0
vid_009655.png,train,9655,11559,386.2,5,0.4026,0.2064,1.0
vid_009680.png,train,9680,11589,387.2,5,0.3697,0.2072,1.0
vid_009705.png,train,9705,11619,388.2,5,0.3792,0.1963,1.0
vid_009730.png,train,9730,11649,389.2,5,0.3976,0.1972,1.0
vid_009755.png,train,9755,11679,390.2,5,0.4232,0.1996,1.0
vid_009780.png,train,9780,11709,391.2,5,0.4163,0.1913,1.0
vid_009805.png,train,9805,11739,392.2,5,0.3854,0.1781,1.0
vid_009840.png,train,9840,11781,393.6,5,0.37,0.1702,1.4
vid_009870.png,train,9870,11817,394.8,5,0.3851,0.2509,1.2
vid_009895.png,train,9895,11847,395.8,5,0.3618,0.3162,1.0
vid_009920.png,train,9920,11877,396.8,5,0.3587,0.2265,1.0
vid_009945.png,train,9945,11907,397.8,5,0.3682,0.1655,1.0
vid_009970.png,train,9970,11937,398.8,5,0.3612,0.1798,1.0
vid_010025.png,train,10025,12003,401.0,5,0.3469,0.2465,2.2
vid_010050.png,train,10050,12033,402.0,5,0.3753,0.3257,1.0
vid_010075.png,train,10075,12063,403.0,5,0.4181,0.2669,1.0
vid_010100.png,train,10100,12093,404.0,5,0.521,0.2913,1.0
vid_010125.png,train,10125,12123,405.0,5,0.5428,0.3404,1.0
vid_010150.png,train,10150,12153,406.0,5,0.5295,0.343,1.0
vid_010175.png,train,10175,12183,407.0,5,0.4988,0.3194,1.0
vid_010200.png,train,10200,12213,408.0,5,0.514,0.2634,1.0
vid_010225.png,train,10225,12243,409.0,5,0.5825,0.5625,1.0
vid_010250.png,train,10250,12273,410.0,5,0.5785,0.2658,1.0
vid_010275.png,train,10275,12303,411.0,5,0.5917,0.2046,1.0
vid_010300.png,train,10300,12333,412.0,5,0.5865,0.1729,1.0
vid_010325.png,train,10325,12363,413.0,5,0.5656,0.2556,1.0
vid_010350.png,train,10350,12393,414.0,5,0.6417,0.4874,1.0
vid_010375.png,train,10375,12423,415.0,5,0.5996,0.1524,1.0
vid_010405.png,train,10405,12459,416.2,5,0.6167,0.1559,1.2
vid_010430.png,train,10430,12489,417.2,5,0.599,0.2499,1.0
vid_010455.png,train,10455,12519,418.2,5,0.5914,0.2308,1.0
vid_010480.png,train,10480,12549,419.2,5,0.6006,0.2319,1.0
vid_010505.png,train,10505,12579,420.2,5,0.4662,0.4265,1.0
vid_010530.png,train,10530,12609,421.2,5,0.509,0.2142,1.0
vid_010555.png,train,10555,12639,422.2,5,0.4613,0.2335,1.0
vid_010585.png,train,10585,12675,423.4,5,0.5789,0.4593,1.2
vid_010620.png,train,10620,12717,424.8,5,0.6276,0.4131,1.4
vid_010645.png,train,10645,12747,425.8,5,0.5795,0.3621,1.0
vid_010670.png,train,10670,12777,426.8,5,0.5701,0.4704,1.0
vid_010695.png,train,10695,12807,427.8,5,0.5846,0.5267,1.0
vid_010735.png,train,10735,12855,429.4,5,0.554,0.1701,1.6
vid_010760.png,train,10760,12885,430.4,5,0.4851,0.1607,1.0
vid_010785.png,train,10785,12915,431.4,5,0.6238,0.3287,1.0
vid_010810.png,train,10810,12945,432.4,5,0.6542,0.2837,1.0
vid_010835.png,train,10835,12975,433.4,5,0.6225,0.3795,1.0
vid_010860.png,train,10860,13005,434.4,5,0.655,0.2729,1.0
vid_010885.png,train,10885,13035,435.4,5,0.651,0.2468,1.0
vid_010915.png,train,10915,13071,436.6,5,0.6216,0.2241,1.2
vid_010955.png,train,10955,13119,438.2,5,0.6027,0.1684,1.6
vid_010980.png,train,10980,13149,439.2,5,0.562,0.4895,1.0
vid_011005.png,train,11005,13179,440.2,5,0.5591,0.3194,1.0
vid_011070.png,train,11070,13257,442.8,5,0.5824,0.1509,2.6
vid_011095.png,train,11095,13287,443.8,5,0.5614,0.1902,1.0
vid_011120.png,train,11120,13317,444.8,5,0.6348,0.5809,1.0
vid_011145.png,train,11145,13347,445.8,5,0.626,0.1735,1.0
vid_011170.png,train,11170,13377,446.8,5,0.6375,0.3313,1.0
vid_011195.png,train,11195,13407,447.8,5,0.5732,0.5034,1.0
vid_011220.png,train,11220,13437,448.8,5,0.5643,0.1861,1.0
vid_011270.png,train,11270,13497,450.8,5,0.588,0.2794,2.0
vid_011295.png,train,11295,13527,451.8,5,0.6176,0.4217,1.0
vid_011320.png,train,11320,13557,452.8,5,0.5422,0.3413,1.0
vid_011345.png,train,11345,13587,453.8,5,0.6044,0.4455,1.0
vid_011370.png,train,11370,13617,454.8,5,0.607,0.272,1.0
vid_011395.png,train,11395,13647,455.8,5,0.64,0.2527,1.0
vid_011420.png,train,11420,13677,456.8,5,0.634,0.1523,1.0
vid_011445.png,train,11445,13707,457.8,5,0.6324,0.2376,1.0
vid_011470.png,train,11470,13737,458.8,5,0.5854,0.3753,1.0
vid_011495.png,train,11495,13767,459.8,5,0.5711,0.452,1.0
vid_011520.png,train,11520,13797,460.8,5,0.6473,0.3574,1.0
vid_011545.png,train,11545,13827,461.8,5,0.6391,0.419,1.0
vid_011570.png,train,11570,13857,462.8,5,0.5542,0.5025,1.0
vid_011595.png,train,11595,13887,463.8,5,0.5404,0.3832,1.0
vid_011620.png,train,11620,13917,464.8,5,0.5489,0.4683,1.0
vid_011645.png,train,11645,13947,465.8,5,0.5328,0.4514,1.0
vid_011670.png,train,11670,13977,466.8,5,0.4438,0.2767,1.0
vid_011695.png,train,11695,14007,467.8,5,0.4464,0.218,1.0
vid_011720.png,train,11720,14037,468.8,5,0.4945,0.2498,1.0
vid_011745.png,train,11745,14067,469.8,5,0.5224,0.2105,1.0
vid_011770.png,train,11770,14097,470.8,5,0.6038,0.1848,1.0
vid_011805.png,train,11805,14139,472.2,5,0.6038,0.2062,1.4
vid_011870.png,train,11870,14217,474.8,5,0.562,0.1556,2.6
vid_011895.png,train,11895,14247,475.8,5,0.5079,0.369,1.0
vid_011920.png,train,11920,14277,476.8,5,0.4854,0.2058,1.0
vid_011955.png,train,11955,14319,478.2,5,0.5075,0.1685,1.4
vid_011980.png,train,11980,14349,479.2,5,0.4394,0.2295,1.0
vid_012010.png,train,12010,14385,480.4,5,0.4785,0.1655,1.2
vid_012090.png,train,12090,14481,483.6,5,0.5151,0.1765,3.2
vid_012120.png,train,12120,14517,484.8,5,0.5015,0.1513,1.2
vid_012155.png,train,12155,14559,486.2,5,0.4955,0.1638,1.4
vid_012185.png,train,12185,14595,487.4,5,0.5161,0.1562,1.2
vid_012240.png,train,12240,14661,489.6,5,0.5274,0.1557,2.2
vid_012300.png,train,12300,14733,492.0,5,0.5103,0.1638,2.4
vid_012355.png,train,12355,14799,494.2,5,0.4803,0.1556,2.2
vid_012380.png,train,12380,14829,495.2,5,0.4469,0.207,1.0
vid_012430.png,train,12430,14889,497.2,5,0.4073,0.1598,2.0
vid_012520.png,train,12520,14997,500.8,5,0.3891,0.1532,3.6
vid_012720.png,train,12720,15237,508.8,6,0.5572,0.4507,8.0
vid_012845.png,train,12845,15387,513.8,6,0.5811,0.1238,5.0
vid_012905.png,train,12905,15459,516.2,6,0.5275,0.1808,2.4
vid_012940.png,train,12940,15501,517.6,6,0.5009,0.1601,1.4
vid_012965.png,train,12965,15531,518.6,6,0.5642,0.239,1.0
vid_013005.png,train,13005,15579,520.2,6,0.5795,0.1542,1.6
vid_013030.png,train,13030,15609,521.2,6,0.5566,0.2418,1.0
vid_013055.png,train,13055,15639,522.2,6,0.5428,0.2859,1.0
vid_013080.png,train,13080,15669,523.2,6,0.5728,0.2356,1.0
vid_013120.png,train,13120,15717,524.8,6,0.5677,0.2171,1.6
vid_013145.png,train,13145,15747,525.8,6,0.5358,0.3926,1.0
vid_013170.png,train,13170,15777,526.8,6,0.5511,0.199,1.0
vid_013195.png,train,13195,15807,527.8,6,0.541,0.2704,1.0
vid_013220.png,train,13220,15837,528.8,6,0.5314,0.2226,1.0
vid_013245.png,train,13245,15867,529.8,6,0.5936,0.2423,1.0
vid_013270.png,train,13270,15897,530.8,6,0.5875,0.1905,1.0
vid_013295.png,train,13295,15927,531.8,6,0.5694,0.2511,1.0
vid_013320.png,train,13320,15957,532.8,6,0.5163,0.2312,1.0
vid_013345.png,train,13345,15987,533.8,6,0.4576,0.2159,1.0
vid_013370.png,train,13370,16017,534.8,6,0.3512,0.2005,1.0
vid_013540.png,train,13540,16221,541.6,6,0.3977,0.6272,6.8
vid_013565.png,train,13565,16251,542.6,6,0.3906,0.2106,1.0
vid_013590.png,train,13590,16281,543.6,6,0.4386,0.2323,1.0
vid_013615.png,train,13615,16311,544.6,6,0.4633,0.2039,1.0
vid_013640.png,train,13640,16341,545.6,6,0.4634,0.2082,1.0
vid_013665.png,train,13665,16371,546.6,6,0.4787,0.568,1.0
vid_013690.png,train,13690,16401,547.6,6,0.4251,0.6017,1.0
vid_013720.png,train,13720,16437,548.8,6,0.3675,0.4946,1.2
vid_013770.png,train,13770,16497,550.8,6,0.3973,0.846,2.0
vid_013795.png,train,13795,16527,551.8,6,0.4213,0.3437,1.0
vid_013820.png,train,13820,16557,552.8,6,0.5197,0.3601,1.0
vid_013885.png,train,13885,16635,555.4,6,0.348,0.8616,2.6
vid_013910.png,train,13910,16665,556.4,6,0.3535,0.3153,1.0
vid_013935.png,train,13935,16695,557.4,6,0.3514,0.3202,1.0
vid_013960.png,train,13960,16725,558.4,6,0.3952,0.2899,1.0
vid_013985.png,train,13985,16755,559.4,6,0.4653,0.3513,1.0
vid_014010.png,train,14010,16785,560.4,6,0.436,0.1868,1.0
vid_014035.png,train,14035,16815,561.4,6,0.3972,0.3412,1.0
vid_014060.png,train,14060,16845,562.4,6,0.4957,0.8362,1.0
vid_014085.png,train,14085,16875,563.4,6,0.6298,0.2996,1.0
vid_014110.png,train,14110,16905,564.4,6,0.4234,0.6837,1.0
vid_014135.png,train,14135,16935,565.4,6,0.4084,0.289,1.0
vid_014160.png,train,14160,16965,566.4,6,0.497,0.3211,1.0
vid_014185.png,train,14185,16995,567.4,6,0.4422,0.2007,1.0
vid_014210.png,train,14210,17025,568.4,6,0.4555,0.4339,1.0
vid_014235.png,train,14235,17055,569.4,6,0.4361,0.431,1.0
vid_014260.png,train,14260,17085,570.4,6,0.5494,0.651,1.0
vid_014285.png,train,14285,17115,571.4,6,0.4941,0.4906,1.0
vid_014310.png,train,14310,17145,572.4,6,0.4396,0.37,1.0
vid_014335.png,train,14335,17175,573.4,6,0.5621,0.5259,1.0
vid_014360.png,train,14360,17205,574.4,6,0.5752,0.2438,1.0
vid_014385.png,train,14385,17235,575.4,6,0.5646,0.2007,1.0
vid_014410.png,train,14410,17265,576.4,6,0.5149,0.2996,1.0
vid_014435.png,train,14435,17295,577.4,6,0.5469,0.2768,1.0
vid_014460.png,train,14460,17325,578.4,6,0.4884,0.3609,1.0
vid_014485.png,train,14485,17355,579.4,6,0.4414,0.4277,1.0
vid_014510.png,train,14510,17385,580.4,6,0.449,0.263,1.0
vid_014535.png,train,14535,17415,581.4,6,0.4599,0.2556,1.0
vid_014560.png,train,14560,17445,582.4,6,0.4847,0.2524,1.0
vid_014585.png,train,14585,17475,583.4,6,0.4606,0.3188,1.0
vid_014610.png,train,14610,17505,584.4,6,0.374,0.2258,1.0
vid_014635.png,train,14635,17535,585.4,6,0.4989,0.6566,1.0
vid_014660.png,train,14660,17565,586.4,6,0.498,0.512,1.0
vid_014685.png,train,14685,17595,587.4,6,0.4497,0.6802,1.0
vid_014710.png,train,14710,17625,588.4,6,0.5085,0.5866,1.0
vid_014735.png,train,14735,17655,589.4,6,0.5525,0.3434,1.0
vid_014760.png,train,14760,17685,590.4,6,0.5494,0.3562,1.0
vid_014785.png,train,14785,17715,591.4,6,0.5768,0.3457,1.0
vid_014810.png,train,14810,17745,592.4,6,0.5111,0.5541,1.0
vid_014835.png,train,14835,17775,593.4,6,0.4739,0.4324,1.0
vid_014860.png,train,14860,17805,594.4,6,0.5229,0.4479,1.0
vid_014885.png,train,14885,17835,595.4,6,0.5595,0.5123,1.0
vid_014910.png,train,14910,17865,596.4,6,0.516,0.2462,1.0
vid_014935.png,train,14935,17895,597.4,6,0.5202,0.4344,1.0
vid_014960.png,train,14960,17925,598.4,6,0.5068,0.2649,1.0
vid_014985.png,train,14985,17955,599.4,6,0.5386,0.3262,1.0
vid_015010.png,train,15010,17985,600.4,6,0.62,0.4346,1.0
vid_015035.png,train,15035,18015,601.4,6,0.6226,0.3777,1.0
vid_015060.png,train,15060,18045,602.4,6,0.6101,0.2547,1.0
vid_015085.png,train,15085,18075,603.4,6,0.624,0.3109,1.0
vid_015110.png,train,15110,18105,604.4,6,0.5045,0.3343,1.0
vid_015135.png,train,15135,18135,605.4,6,0.6065,0.4164,1.0
vid_015160.png,train,15160,18165,606.4,6,0.594,0.3289,1.0
vid_015185.png,train,15185,18195,607.4,6,0.6383,0.2349,1.0
vid_015210.png,train,15210,18225,608.4,6,0.6242,0.2433,1.0
vid_015235.png,train,15235,18255,609.4,6,0.6143,0.3,1.0
vid_015260.png,train,15260,18285,610.4,6,0.6264,0.169,1.0
vid_015285.png,train,15285,18315,611.4,6,0.6287,0.229,1.0
vid_015310.png,train,15310,18345,612.4,6,0.6036,0.2291,1.0
vid_015335.png,train,15335,18375,613.4,6,0.6145,0.2866,1.0
vid_015360.png,train,15360,18405,614.4,6,0.6144,0.2117,1.0
vid_015385.png,train,15385,18435,615.4,6,0.6268,0.3075,1.0
vid_015410.png,train,15410,18465,616.4,6,0.6222,0.1736,1.0
vid_015435.png,train,15435,18495,617.4,6,0.6309,0.2713,1.0
vid_015460.png,train,15460,18525,618.4,6,0.6266,0.2525,1.0
vid_015485.png,train,15485,18555,619.4,6,0.6393,0.2639,1.0
vid_015510.png,train,15510,18585,620.4,6,0.6362,0.2042,1.0
vid_015535.png,train,15535,18615,621.4,6,0.6025,0.2611,1.0
vid_015560.png,train,15560,18645,622.4,6,0.5948,0.2161,1.0
vid_015585.png,train,15585,18675,623.4,6,0.5803,0.2148,1.0
vid_015610.png,train,15610,18705,624.4,6,0.556,0.1866,1.0
vid_015635.png,train,15635,18735,625.4,6,0.5315,0.1927,1.0
vid_015660.png,train,15660,18765,626.4,6,0.5313,0.2188,1.0
vid_015685.png,train,15685,18795,627.4,6,0.5356,0.2152,1.0
vid_015710.png,train,15710,18825,628.4,6,0.5264,0.2196,1.0
vid_015735.png,train,15735,18855,629.4,6,0.5454,0.2077,1.0
vid_015760.png,train,15760,18885,630.4,6,0.5338,0.1912,1.0
vid_015785.png,train,15785,18915,631.4,6,0.5583,0.2677,1.0
vid_015810.png,train,15810,18945,632.4,6,0.5744,0.2887,1.0
vid_015835.png,train,15835,18975,633.4,6,0.5308,0.2859,1.0
vid_015860.png,train,15860,19005,634.4,6,0.536,0.1586,1.0
vid_015885.png,train,15885,19035,635.4,6,0.5035,0.2088,1.0
vid_015920.png,train,15920,19077,636.8,6,0.5294,0.1994,1.4
vid_015945.png,train,15945,19107,637.8,6,0.5504,0.525,1.0
vid_015970.png,train,15970,19137,638.8,6,0.618,0.1894,1.0
vid_015995.png,train,15995,19167,639.8,6,0.6033,0.272,1.0
vid_016020.png,train,16020,19197,640.8,6,0.7389,0.5541,1.0
vid_016045.png,train,16045,19227,641.8,6,0.5758,0.9039,1.0
vid_016095.png,train,16095,19287,643.8,6,0.5942,0.4213,2.0
vid_016120.png,train,16120,19317,644.8,6,0.6553,0.2415,1.0
vid_016175.png,train,16175,19383,647.0,6,0.6616,0.1666,2.2
vid_016385.png,val,16385,19635,655.4,7,0.3504,0.5519,8.4
vid_016420.png,val,16420,19677,656.8,7,0.3445,0.1551,1.4
vid_016445.png,val,16445,19707,657.8,7,0.3531,0.1562,1.0
vid_016495.png,val,16495,19767,659.8,7,0.36,0.1505,2.0
vid_016540.png,val,16540,19821,661.6,7,0.3719,0.1634,1.8
vid_016595.png,val,16595,19887,663.8,7,0.3737,0.1526,2.2
vid_016620.png,val,16620,19917,664.8,7,0.3697,0.2074,1.0
vid_016645.png,val,16645,19947,665.8,7,0.3796,0.1539,1.0
vid_016670.png,val,16670,19977,666.8,7,0.3877,0.2605,1.0
vid_016695.png,val,16695,20007,667.8,7,0.3804,0.3103,1.0
vid_016720.png,val,16720,20037,668.8,7,0.3801,0.2709,1.0
vid_016745.png,val,16745,20067,669.8,7,0.3598,0.3018,1.0
vid_016780.png,val,16780,20109,671.2,7,0.3542,0.2511,1.4
vid_016805.png,val,16805,20139,672.2,7,0.4049,0.2013,1.0
vid_016830.png,val,16830,20169,673.2,7,0.4506,0.2109,1.0
vid_016855.png,val,16855,20199,674.2,7,0.4542,0.2167,1.0
vid_016880.png,val,16880,20229,675.2,7,0.4633,0.1635,1.0
vid_016905.png,val,16905,20259,676.2,7,0.3897,0.3961,1.0
vid_016930.png,val,16930,20289,677.2,7,0.4288,0.2336,1.0
vid_016955.png,val,16955,20319,678.2,7,0.4447,0.1824,1.0
vid_016980.png,val,16980,20349,679.2,7,0.4325,0.1874,1.0
vid_017005.png,val,17005,20379,680.2,7,0.4561,0.2018,1.0
vid_017030.png,val,17030,20409,681.2,7,0.4758,0.3646,1.0
vid_017055.png,val,17055,20439,682.2,7,0.5026,0.2105,1.0
vid_017080.png,val,17080,20469,683.2,7,0.4825,0.1785,1.0
vid_017120.png,val,17120,20517,684.8,7,0.4465,0.1683,1.6
vid_017150.png,val,17150,20553,686.0,7,0.4501,0.2183,1.2
vid_017175.png,val,17175,20583,687.0,7,0.4347,0.2392,1.0
vid_017200.png,val,17200,20613,688.0,7,0.4942,0.3412,1.0
vid_017225.png,val,17225,20643,689.0,7,0.4858,0.35,1.0
vid_017250.png,val,17250,20673,690.0,7,0.4916,0.2937,1.0
vid_017275.png,val,17275,20703,691.0,7,0.5334,0.2643,1.0
vid_017300.png,val,17300,20733,692.0,7,0.5333,0.2416,1.0
vid_017345.png,val,17345,20787,693.8,7,0.5377,0.1596,1.8
vid_017385.png,val,17385,20835,695.4,7,0.5206,0.3291,1.6
vid_017410.png,val,17410,20865,696.4,7,0.5445,0.2004,1.0
vid_017435.png,val,17435,20895,697.4,7,0.5425,0.228,1.0
vid_017465.png,val,17465,20931,698.6,7,0.5298,0.2927,1.2
vid_017490.png,val,17490,20961,699.6,7,0.5292,0.2288,1.0
vid_017515.png,val,17515,20991,700.6,7,0.5548,0.2273,1.0
vid_017550.png,val,17550,21033,702.0,7,0.5615,0.1537,1.4
vid_017575.png,val,17575,21063,703.0,7,0.5477,0.1932,1.0
vid_017605.png,val,17605,21099,704.2,7,0.5714,0.1561,1.2
vid_017630.png,val,17630,21129,705.2,7,0.5913,0.203,1.0
vid_017655.png,val,17655,21159,706.2,7,0.5924,0.5194,1.0
vid_017680.png,val,17680,21189,707.2,7,0.6267,0.3047,1.0
vid_017705.png,val,17705,21219,708.2,7,0.5941,0.5213,1.0
vid_017730.png,val,17730,21249,709.2,7,0.632,0.3069,1.0
vid_017755.png,val,17755,21279,710.2,7,0.6341,0.3362,1.0
vid_017780.png,val,17780,21309,711.2,7,0.6236,0.2327,1.0
vid_017805.png,val,17805,21339,712.2,7,0.6253,0.2885,1.0
vid_017830.png,val,17830,21369,713.2,7,0.5966,0.2453,1.0
vid_017855.png,val,17855,21399,714.2,7,0.6109,0.2795,1.0
vid_017880.png,val,17880,21429,715.2,7,0.5776,0.2261,1.0
vid_017930.png,val,17930,21489,717.2,7,0.6008,0.246,2.0
vid_017955.png,val,17955,21519,718.2,7,0.5972,0.1794,1.0
vid_017985.png,val,17985,21555,719.4,7,0.6061,0.1847,1.2
vid_018010.png,val,18010,21585,720.4,7,0.6127,0.2033,1.0
vid_018035.png,val,18035,21615,721.4,7,0.6131,0.2208,1.0
vid_018060.png,val,18060,21645,722.4,7,0.606,0.2088,1.0
vid_018085.png,val,18085,21675,723.4,7,0.611,0.1807,1.0
vid_018110.png,val,18110,21705,724.4,7,0.6094,0.3011,1.0
vid_018135.png,val,18135,21735,725.4,7,0.604,0.1783,1.0
vid_018160.png,val,18160,21765,726.4,7,0.6142,0.2519,1.0
vid_018185.png,val,18185,21795,727.4,7,0.5994,0.2321,1.0
vid_018210.png,val,18210,21825,728.4,7,0.6139,0.2705,1.0
vid_018235.png,val,18235,21855,729.4,7,0.6137,0.287,1.0
vid_018260.png,val,18260,21885,730.4,7,0.6212,0.2856,1.0
vid_018285.png,val,18285,21915,731.4,7,0.6236,0.2099,1.0
vid_018310.png,val,18310,21945,732.4,7,0.6194,0.199,1.0
vid_018335.png,val,18335,21975,733.4,7,0.6099,0.157,1.0
vid_018360.png,val,18360,22005,734.4,7,0.6045,0.1747,1.0
vid_018385.png,val,18385,22035,735.4,7,0.6065,0.1623,1.0
vid_018440.png,val,18440,22101,737.6,7,0.6042,0.1506,2.2
vid_018475.png,val,18475,22143,739.0,7,0.6037,0.1611,1.4
vid_018500.png,val,18500,22173,740.0,7,0.6235,0.1813,1.0
vid_018535.png,val,18535,22215,741.4,7,0.5983,0.1501,1.4
vid_018560.png,val,18560,22245,742.4,7,0.6242,0.2314,1.0
vid_018585.png,val,18585,22275,743.4,7,0.6527,0.177,1.0
vid_018640.png,val,18640,22341,745.6,7,0.6424,0.1557,2.2
vid_018695.png,val,18695,22407,747.8,7,0.6346,0.1619,2.2
vid_018760.png,val,18760,22485,750.4,7,0.645,0.16,2.6
vid_018830.png,val,18830,22569,753.2,7,0.5767,0.1586,2.8
vid_018855.png,val,18855,22599,754.2,7,0.6368,0.1726,1.0
vid_018895.png,val,18895,22647,755.8,7,0.6579,0.1511,1.6
vid_018960.png,val,18960,22725,758.4,7,0.6484,0.18,2.6
vid_019180.png,val,19180,22989,767.2,8,0.6388,0.3436,8.8
vid_019235.png,val,19235,23055,769.4,8,0.6349,0.15,2.2
vid_019325.png,val,19325,23163,773.0,8,0.6516,0.1605,3.6
vid_019375.png,val,19375,23223,775.0,8,0.6543,0.1564,2.0
vid_019400.png,val,19400,23253,776.0,8,0.6554,0.1531,1.0
vid_019430.png,val,19430,23289,777.2,8,0.6495,0.1743,1.2
vid_019470.png,val,19470,23337,778.8,8,0.635,0.1594,1.6
vid_019850.png,val,19850,23793,794.0,9,0.3518,0.5443,15.2
vid_019885.png,val,19885,23835,795.4,9,0.3484,0.1601,1.4
vid_020150.png,val,20150,24153,806.0,9,0.3445,0.5322,10.6
vid_020185.png,val,20185,24195,807.4,9,0.3492,0.1576,1.4
vid_020215.png,val,20215,24231,808.6,9,0.3794,0.1555,1.2
vid_020270.png,val,20270,24297,810.8,9,0.3566,0.1576,2.2
vid_023000.png,val,23000,27573,920.0,13,0.6617,1.2257,109.2
vid_023025.png,val,23025,27603,921.0,13,0.7878,0.1579,1.0
vid_023150.png,val,23150,27753,926.0,13,0.7923,0.0304,5.0
vid_023275.png,val,23275,27903,931.0,13,0.793,0.0256,5.0
vid_023400.png,val,23400,28053,936.0,13,0.7964,0.0294,5.0
vid_023525.png,val,23525,28203,941.0,13,0.7983,0.0353,5.0
vid_023650.png,val,23650,28353,946.0,13,0.8003,0.0276,5.0
vid_023775.png,val,23775,28503,951.0,14,0.7954,0.0742,5.0
vid_023900.png,val,23900,28653,956.0,14,0.7943,0.0457,5.0
vid_024035.png,val,24035,28815,961.4,15,0.7952,0.0282,5.4
vid_024160.png,val,24160,28965,966.4,15,0.7948,0.029,5.0
vid_024285.png,val,24285,29115,971.4,15,0.8017,0.0395,5.0
vid_024410.png,val,24410,29265,976.4,15,0.7994,0.0441,5.0
