filename,frame_id,conf,bbox,gate_status,label
frame_000002_det0_thermal-uav_conf0.92.png,2,0.9201,"[528, 313, 636, 398]",thermal-uav,TP
frame_000003_det0_thermal-uav_conf0.92.png,3,0.9198,"[528, 313, 636, 398]",thermal-uav,TP
frame_000004_det0_thermal-uav_conf0.92.png,4,0.9194,"[528, 313, 636, 398]",thermal-uav,TP
frame_000005_det0_thermal-uav_conf0.92.png,5,0.9187,"[528, 314, 636, 399]",thermal-uav,TP
frame_000006_det0_thermal-uav_conf0.92.png,6,0.9178,"[528, 314, 636, 398]",thermal-uav,TP
frame_000007_det0_thermal-uav_conf0.92.png,7,0.9175,"[528, 313, 636, 399]",thermal-uav,TP
frame_000008_det0_thermal-uav_conf0.92.png,8,0.9164,"[528, 314, 636, 399]",thermal-uav,TP
frame_000009_det0_thermal-uav_conf0.91.png,9,0.9141,"[528, 314, 636, 399]",thermal-uav,TP
frame_000010_det0_thermal-uav_conf0.91.png,10,0.9118,"[528, 314, 635, 399]",thermal-uav,TP
frame_000011_det0_thermal-uav_conf0.91.png,11,0.9104,"[528, 314, 635, 399]",thermal-uav,TP
frame_000012_det0_thermal-uav_conf0.91.png,12,0.9106,"[527, 314, 635, 399]",thermal-uav,TP
frame_000014_det0_thermal-uav_conf0.91.png,14,0.9075,"[528, 314, 635, 397]",thermal-uav,TP
frame_000015_det0_thermal-uav_conf0.91.png,15,0.9084,"[528, 314, 635, 398]",thermal-uav,TP
frame_000016_det0_thermal-uav_conf0.91.png,16,0.9112,"[527, 314, 635, 397]",thermal-uav,TP
frame_000017_det0_thermal-uav_conf0.91.png,17,0.9135,"[528, 314, 635, 398]",thermal-uav,TP
frame_000018_det0_thermal-uav_conf0.91.png,18,0.9113,"[527, 314, 635, 399]",thermal-uav,TP
frame_000019_det0_thermal-uav_conf0.91.png,19,0.9114,"[528, 314, 635, 398]",thermal-uav,TP
frame_000020_det0_thermal-uav_conf0.91.png,20,0.9127,"[528, 314, 636, 398]",thermal-uav,TP
frame_000021_det0_thermal-uav_conf0.91.png,21,0.9115,"[528, 313, 635, 398]",thermal-uav,TP
frame_000022_det0_thermal-uav_conf0.91.png,22,0.9107,"[528, 313, 635, 397]",thermal-uav,TP
frame_000023_det0_thermal-uav_conf0.91.png,23,0.9144,"[528, 313, 635, 398]",thermal-uav,TP
frame_000024_det0_thermal-uav_conf0.91.png,24,0.9148,"[529, 313, 634, 398]",thermal-uav,TP
frame_000025_det0_thermal-uav_conf0.92.png,25,0.9164,"[529, 314, 634, 398]",thermal-uav,TP
frame_000027_det0_thermal-uav_conf0.92.png,27,0.9196,"[529, 314, 634, 398]",thermal-uav,TP
frame_000028_det0_thermal-uav_conf0.92.png,28,0.9202,"[529, 314, 634, 399]",thermal-uav,TP
frame_000029_det0_thermal-uav_conf0.92.png,29,0.92,"[529, 315, 634, 398]",thermal-uav,TP
frame_000030_det0_thermal-uav_conf0.92.png,30,0.9201,"[529, 315, 634, 398]",thermal-uav,TP
frame_000031_det0_thermal-uav_conf0.92.png,31,0.9239,"[529, 315, 634, 398]",thermal-uav,TP
frame_000032_det0_thermal-uav_conf0.92.png,32,0.9234,"[529, 315, 634, 397]",thermal-uav,TP
frame_000035_det0_thermal-uav_conf0.93.png,35,0.9263,"[529, 315, 633, 398]",thermal-uav,TP
frame_000036_det0_thermal-uav_conf0.93.png,36,0.9287,"[528, 315, 634, 398]",thermal-uav,TP
frame_000037_det0_thermal-uav_conf0.93.png,37,0.9286,"[528, 316, 634, 399]",thermal-uav,TP
frame_000038_det0_thermal-uav_conf0.93.png,38,0.9282,"[528, 316, 633, 399]",thermal-uav,TP
frame_000039_det0_thermal-uav_conf0.93.png,39,0.9281,"[528, 317, 634, 399]",thermal-uav,TP
frame_000040_det0_thermal-uav_conf0.93.png,40,0.9278,"[527, 317, 634, 398]",thermal-uav,TP
frame_000042_det0_thermal-uav_conf0.93.png,42,0.9273,"[526, 318, 634, 398]",thermal-uav,TP
frame_000044_det0_thermal-uav_conf0.93.png,44,0.9268,"[527, 317, 632, 397]",thermal-uav,TP
frame_000045_det0_thermal-uav_conf0.92.png,45,0.9236,"[527, 318, 634, 398]",thermal-uav,TP
frame_000046_det0_thermal-uav_conf0.92.png,46,0.9237,"[528, 318, 632, 398]",thermal-uav,TP
frame_000047_det0_thermal-uav_conf0.92.png,47,0.9243,"[528, 318, 631, 397]",thermal-uav,TP
frame_000049_det0_thermal-uav_conf0.92.png,49,0.9217,"[529, 319, 631, 398]",thermal-uav,TP
frame_000050_det0_thermal-uav_conf0.92.png,50,0.9227,"[529, 319, 631, 398]",thermal-uav,TP
frame_000051_det0_thermal-uav_conf0.92.png,51,0.9185,"[529, 320, 630, 398]",thermal-uav,TP
frame_000053_det0_thermal-uav_conf0.92.png,53,0.9183,"[528, 323, 629, 399]",thermal-uav,TP
frame_000054_det0_thermal-uav_conf0.92.png,54,0.9169,"[527, 324, 628, 399]",thermal-uav,TP
frame_000055_det0_thermal-uav_conf0.92.png,55,0.9153,"[527, 325, 627, 400]",thermal-uav,TP
frame_000056_det0_thermal-uav_conf0.91.png,56,0.9094,"[528, 327, 626, 401]",thermal-uav,TP
frame_000057_det0_thermal-uav_conf0.90.png,57,0.9049,"[528, 328, 625, 400]",thermal-uav,TP
frame_000058_det0_thermal-uav_conf0.90.png,58,0.9007,"[528, 329, 624, 400]",thermal-uav,TP
frame_000073_det0_thermal-uav_conf0.83.png,73,0.8348,"[552, 348, 628, 400]",thermal-uav,TP
frame_000082_det0_thermal-uav_conf0.70.png,82,0.6982,"[565, 352, 639, 398]",thermal-uav,TP
frame_000254_det0_thermal-uav_conf0.49.png,254,0.4871,"[129, 301, 174, 329]",thermal-uav,FP
frame_000317_det0_thermal-uav_conf0.15.png,317,0.1495,"[90, 247, 133, 277]",thermal-uav,FP
frame_000320_det0_thermal-uav_conf0.42.png,320,0.4189,"[0, 277, 23, 306]",thermal-uav,FP
frame_000468_det0_thermal-uav_conf0.12.png,468,0.1182,"[606, 262, 640, 340]",thermal-uav,FP
frame_000496_det0_thermal-uav_conf0.32.png,496,0.3153,"[536, 326, 562, 397]",thermal-uav,FP
frame_000526_det0_thermal-uav_conf0.18.png,526,0.1771,"[434, 332, 495, 419]",thermal-uav,FP
frame_000562_det0_thermal-uav_conf0.28.png,562,0.2813,"[494, 229, 514, 268]",thermal-uav,FP
frame_000566_det0_thermal-uav_conf0.15.png,566,0.1545,"[498, 228, 510, 256]",thermal-uav,FP
frame_000618_det0_thermal-uav_conf0.51.png,618,0.5147,"[531, 223, 549, 243]",thermal-uav,FP
frame_000786_det0_thermal-uav_conf0.13.png,786,0.1326,"[560, 325, 630, 392]",thermal-uav,FP
frame_001129_det0_thermal-uav_conf0.25.png,1129,0.2543,"[217, 378, 257, 445]",thermal-uav,FP
frame_001131_det0_thermal-uav_conf0.21.png,1131,0.2136,"[217, 375, 284, 445]",thermal-uav,FP
frame_001138_det0_thermal-uav_conf0.38.png,1138,0.3762,"[0, 239, 9, 269]",thermal-uav,FP
frame_001160_det0_thermal-uav_conf0.26.png,1160,0.2572,"[602, 112, 640, 217]",thermal-uav,FP
frame_001160_det1_thermal-uav_conf0.22.png,1160,0.2152,"[579, 112, 640, 215]",thermal-uav,FP
frame_001168_det0_thermal-uav_conf0.50.png,1168,0.5003,"[208, 414, 249, 445]",thermal-uav,FP
frame_001172_det0_thermal-uav_conf0.50.png,1172,0.4995,"[493, 105, 513, 143]",thermal-uav,FP
frame_001174_det0_thermal-uav_conf0.49.png,1174,0.4852,"[491, 105, 513, 141]",thermal-uav,FP
frame_001357_det0_thermal-uav_conf0.38.png,1357,0.3835,"[13, 20, 69, 75]",thermal-uav,FP
frame_001401_det0_thermal-uav_conf0.30.png,1401,0.2974,"[477, 372, 503, 431]",thermal-uav,FP
frame_001474_det0_thermal-uav_conf0.12.png,1474,0.1198,"[484, 383, 507, 406]",thermal-uav,FP
frame_001480_det0_thermal-uav_conf0.31.png,1480,0.3059,"[0, 169, 16, 181]",thermal-uav,FP
frame_001501_det0_thermal-uav_conf0.36.png,1501,0.363,"[0, 165, 28, 180]",thermal-uav,FP
frame_001513_det0_thermal-uav_conf0.12.png,1513,0.1196,"[0, 164, 29, 181]",thermal-uav,FP
frame_001545_det0_thermal-uav_conf0.14.png,1545,0.1427,"[472, 382, 494, 438]",thermal-uav,FP
frame_001559_det0_thermal-uav_conf0.13.png,1559,0.1344,"[469, 383, 506, 435]",thermal-uav,FP
frame_001560_det0_thermal-uav_conf0.39.png,1560,0.3882,"[468, 383, 507, 436]",thermal-uav,FP
frame_001582_det0_thermal-uav_conf0.22.png,1582,0.2203,"[454, 382, 499, 485]",thermal-uav,FP
frame_001593_det0_thermal-uav_conf0.10.png,1593,0.1005,"[456, 383, 501, 456]",thermal-uav,FP
frame_002558_det0_thermal-uav_conf0.80.png,2558,0.7958,"[132, 343, 213, 413]",thermal-uav,FP
frame_002574_det0_thermal-uav_conf0.66.png,2574,0.657,"[136, 354, 245, 413]",thermal-uav,FP
frame_002577_det0_thermal-uav_conf0.73.png,2577,0.7265,"[138, 351, 236, 415]",thermal-uav,FP
frame_002584_det0_thermal-uav_conf0.53.png,2584,0.5264,"[144, 350, 255, 406]",thermal-uav,FP
frame_003783_det0_thermal-uav_conf0.37.png,3783,0.3733,"[346, 337, 370, 374]",thermal-uav,FP
frame_003785_det0_thermal-uav_conf0.18.png,3785,0.177,"[349, 336, 372, 372]",thermal-uav,FP
frame_003802_det0_thermal-uav_conf0.26.png,3802,0.2583,"[350, 331, 379, 381]",thermal-uav,FP
frame_003803_det0_thermal-uav_conf0.24.png,3803,0.244,"[350, 328, 379, 379]",thermal-uav,FP
frame_003864_det0_thermal-uav_conf0.40.png,3864,0.4007,"[189, 294, 236, 375]",thermal-uav,FP
frame_004188_det0_thermal-uav_conf0.64.png,4188,0.6447,"[124, 366, 179, 432]",thermal-uav,FP
frame_004192_det0_thermal-uav_conf0.23.png,4192,0.226,"[117, 373, 159, 453]",thermal-uav,FP
frame_004538_det0_thermal-uav_conf0.13.png,4538,0.1288,"[575, 90, 637, 132]",thermal-uav,FP
frame_004546_det0_thermal-uav_conf0.13.png,4546,0.1326,"[574, 91, 636, 132]",thermal-uav,FP
frame_005140_det0_thermal-uav_conf0.69.png,5140,0.6891,"[530, 302, 589, 347]",thermal-uav,FP
frame_005153_det0_thermal-uav_conf0.65.png,5153,0.6541,"[578, 318, 627, 370]",thermal-uav,FP
frame_005290_det0_thermal-uav_conf0.48.png,5290,0.4826,"[84, 176, 89, 181]",thermal-uav,TP
frame_005332_det0_thermal-uav_conf0.25.png,5332,0.2529,"[102, 207, 106, 211]",thermal-uav,
frame_005418_det0_thermal-uav_conf0.39.png,5418,0.3854,"[179, 221, 185, 227]",thermal-uav,
frame_005599_det0_thermal-uav_conf0.43.png,5599,0.4311,"[577, 348, 637, 411]",thermal-uav,FP
frame_005610_det0_thermal-uav_conf0.33.png,5610,0.3255,"[582, 365, 639, 401]",thermal-uav,FP
frame_005611_det0_thermal-uav_conf0.66.png,5611,0.657,"[575, 354, 639, 399]",thermal-uav,FP
frame_005622_det0_thermal-uav_conf0.29.png,5622,0.2897,"[580, 364, 638, 404]",thermal-uav,FP
frame_005636_det0_thermal-uav_conf0.13.png,5636,0.1257,"[591, 366, 636, 406]",thermal-uav,FP
frame_005637_det0_thermal-uav_conf0.50.png,5637,0.5038,"[578, 352, 638, 401]",thermal-uav,FP
frame_005641_det0_thermal-uav_conf0.52.png,5641,0.5204,"[577, 352, 636, 397]",thermal-uav,FP
frame_005677_det0_thermal-uav_conf0.27.png,5677,0.2726,"[214, 131, 220, 138]",thermal-uav,
frame_005689_det0_thermal-uav_conf0.55.png,5689,0.5483,"[576, 353, 639, 400]",thermal-uav,FP
frame_005810_det0_thermal-uav_conf0.53.png,5810,0.5348,"[610, 362, 640, 401]",thermal-uav,FP
frame_005811_det0_thermal-uav_conf0.30.png,5811,0.2967,"[592, 342, 640, 401]",thermal-uav,FP
frame_005811_det1_thermal-uav_conf0.46.png,5811,0.4602,"[610, 345, 640, 401]",thermal-uav,FP
frame_005822_det0_thermal-uav_conf0.66.png,5822,0.6603,"[594, 343, 630, 380]",thermal-uav,FP
frame_005823_det0_thermal-uav_conf0.62.png,5823,0.6196,"[593, 344, 630, 379]",thermal-uav,FP
frame_005827_det0_thermal-uav_conf0.54.png,5827,0.5379,"[589, 345, 628, 373]",thermal-uav,FP
frame_005830_det0_thermal-uav_conf0.46.png,5830,0.4636,"[589, 345, 629, 373]",thermal-uav,FP
frame_005831_det0_thermal-uav_conf0.55.png,5831,0.5526,"[587, 345, 629, 373]",thermal-uav,FP
frame_005852_det0_thermal-uav_conf0.11.png,5852,0.1137,"[599, 344, 638, 378]",thermal-uav,FP
frame_005857_det0_thermal-uav_conf0.21.png,5857,0.2134,"[604, 342, 639, 381]",thermal-uav,FP
frame_006057_det0_thermal-uav_conf0.31.png,6057,0.308,"[615, 362, 639, 400]",thermal-uav,FP
frame_006061_det0_thermal-uav_conf0.16.png,6061,0.1649,"[607, 362, 636, 402]",thermal-uav,FP
frame_006062_det0_thermal-uav_conf0.36.png,6062,0.3631,"[606, 362, 636, 403]",thermal-uav,FP
frame_006082_det0_thermal-uav_conf0.13.png,6082,0.126,"[614, 364, 639, 397]",thermal-uav,FP
frame_006087_det0_thermal-uav_conf0.36.png,6087,0.3644,"[625, 348, 639, 393]",thermal-uav,FP
frame_006091_det0_thermal-uav_conf0.55.png,6091,0.5549,"[611, 349, 639, 396]",thermal-uav,FP
frame_006092_det0_thermal-uav_conf0.14.png,6092,0.1418,"[605, 357, 639, 399]",thermal-uav,FP
frame_006142_det0_thermal-uav_conf0.20.png,6142,0.1978,"[607, 345, 638, 381]",thermal-uav,FP
frame_006236_det0_thermal-uav_conf0.21.png,6236,0.2051,"[604, 344, 638, 379]",thermal-uav,FP
frame_006306_det0_thermal-uav_conf0.37.png,6306,0.3676,"[614, 276, 622, 284]",thermal-uav,TP
frame_006314_det0_thermal-uav_conf0.28.png,6314,0.2757,"[618, 273, 626, 281]",thermal-uav,TP
frame_006324_det0_thermal-uav_conf0.41.png,6324,0.4092,"[622, 269, 630, 277]",thermal-uav,TP
frame_006643_det0_thermal-uav_conf0.21.png,6643,0.2134,"[396, 272, 412, 317]",thermal-uav,FP
frame_006673_det0_thermal-uav_conf0.64.png,6673,0.6431,"[618, 264, 626, 272]",thermal-uav,TP
frame_006675_det0_thermal-uav_conf0.47.png,6675,0.4707,"[614, 266, 623, 274]",thermal-uav,TP
frame_006677_det0_thermal-uav_conf0.38.png,6677,0.3845,"[612, 267, 620, 276]",thermal-uav,TP
frame_006694_det0_thermal-uav_conf0.65.png,6694,0.6534,"[584, 281, 594, 290]",thermal-uav,TP
frame_006804_det0_thermal-uav_conf0.13.png,6804,0.133,"[436, 347, 445, 355]",thermal-uav,TP
frame_006807_det0_thermal-uav_conf0.44.png,6807,0.4405,"[432, 348, 441, 356]",thermal-uav,TP
frame_006816_det0_thermal-uav_conf0.28.png,6816,0.2788,"[423, 352, 431, 361]",thermal-uav,TP
frame_007077_det0_thermal-uav_conf0.26.png,7077,0.2613,"[279, 439, 294, 459]",thermal-uav,FP
frame_007319_det0_thermal-uav_conf0.54.png,7319,0.5432,"[11, 269, 18, 278]",thermal-uav,TP
frame_007329_det0_thermal-uav_conf0.48.png,7329,0.482,"[4, 262, 13, 271]",thermal-uav,TP
frame_007330_det0_thermal-uav_conf0.51.png,7330,0.5122,"[4, 261, 13, 271]",thermal-uav,TP
frame_007331_det0_thermal-uav_conf0.14.png,7331,0.1353,"[5, 261, 15, 269]",thermal-uav,TP
frame_007338_det0_thermal-uav_conf0.45.png,7338,0.4496,"[1, 255, 10, 266]",thermal-uav,TP
frame_007426_det0_thermal-uav_conf0.58.png,7426,0.5777,"[0, 188, 8, 198]",thermal-uav,TP
frame_007427_det0_thermal-uav_conf0.55.png,7427,0.554,"[0, 187, 8, 197]",thermal-uav,TP
frame_007711_det0_thermal-uav_conf0.74.png,7711,0.7418,"[566, 70, 578, 82]",thermal-uav,TP
frame_007766_det0_thermal-uav_conf0.56.png,7766,0.5613,"[137, 439, 151, 450]",thermal-uav,FP
frame_007796_det0_thermal-uav_conf0.63.png,7796,0.6319,"[418, 178, 427, 188]",thermal-uav,TP
frame_007802_det0_thermal-uav_conf0.75.png,7802,0.7514,"[404, 179, 413, 189]",thermal-uav,TP
frame_007804_det0_thermal-uav_conf0.73.png,7804,0.7306,"[399, 178, 407, 187]",thermal-uav,TP
frame_007932_det0_thermal-uav_conf0.58.png,7932,0.5769,"[359, 215, 365, 223]",thermal-uav,TP
frame_007986_det0_thermal-uav_conf0.52.png,7986,0.5218,"[353, 255, 360, 264]",thermal-uav,TP
frame_008002_det0_thermal-uav_conf0.71.png,8002,0.7077,"[344, 260, 351, 269]",thermal-uav,TP
frame_008144_det0_thermal-uav_conf0.49.png,8144,0.4937,"[322, 269, 330, 278]",thermal-uav,TP
frame_008186_det0_thermal-uav_conf0.45.png,8186,0.4548,"[554, 174, 561, 184]",thermal-uav,FP
frame_008189_det0_thermal-uav_conf0.63.png,8189,0.6338,"[554, 180, 562, 190]",thermal-uav,
frame_008195_det0_thermal-uav_conf0.66.png,8195,0.6613,"[562, 196, 568, 205]",thermal-uav,TP
frame_008209_det0_thermal-uav_conf0.42.png,8209,0.418,"[334, 269, 343, 277]",thermal-uav,TP
frame_008225_det0_thermal-uav_conf0.49.png,8225,0.4873,"[340, 262, 348, 271]",thermal-uav,TP
frame_008247_det0_thermal-uav_conf0.39.png,8247,0.3872,"[318, 258, 326, 266]",thermal-uav,TP
frame_008248_det0_thermal-uav_conf0.33.png,8248,0.332,"[314, 257, 323, 266]",thermal-uav,TP
frame_008307_det0_thermal-uav_conf0.69.png,8307,0.6866,"[310, 240, 318, 251]",thermal-uav,TP
frame_008336_det0_thermal-uav_conf0.77.png,8336,0.7727,"[324, 235, 332, 245]",thermal-uav,TP
frame_008339_det0_thermal-uav_conf0.78.png,8339,0.7774,"[328, 236, 336, 245]",thermal-uav,TP
frame_008375_det0_thermal-uav_conf0.65.png,8375,0.6467,"[324, 247, 333, 256]",thermal-uav,TP
frame_008399_det0_thermal-uav_conf0.26.png,8399,0.2606,"[251, 241, 260, 251]",thermal-uav,TP
frame_008414_det0_thermal-uav_conf0.31.png,8414,0.31,"[283, 221, 291, 231]",thermal-uav,TP
frame_008416_det0_thermal-uav_conf0.52.png,8416,0.5171,"[285, 220, 294, 229]",thermal-uav,
frame_008416_det1_thermal-uav_conf0.71.png,8416,0.7056,"[323, 242, 331, 252]",thermal-uav,TP
frame_008429_det0_thermal-uav_conf0.48.png,8429,0.4814,"[290, 219, 297, 228]",thermal-uav,TP
frame_008431_det0_thermal-uav_conf0.52.png,8431,0.5172,"[291, 219, 298, 229]",thermal-uav,TP
frame_008438_det0_thermal-uav_conf0.21.png,8438,0.215,"[323, 240, 334, 252]",thermal-uav,
frame_008441_det0_thermal-uav_conf0.27.png,8441,0.2702,"[319, 228, 327, 248]",thermal-uav,
frame_008483_det0_thermal-uav_conf0.21.png,8483,0.2086,"[270, 425, 301, 445]",thermal-uav,FP
frame_009010_det0_thermal-uav_conf0.31.png,9010,0.31,"[294, 261, 301, 269]",thermal-uav,
frame_009016_det0_thermal-uav_conf0.53.png,9016,0.5326,"[290, 261, 298, 268]",thermal-uav,
frame_009040_det0_thermal-uav_conf0.12.png,9040,0.1223,"[294, 257, 302, 265]",thermal-uav,TP
frame_009047_det0_thermal-uav_conf0.20.png,9047,0.2049,"[135, 336, 146, 345]",thermal-uav,FP
frame_009065_det0_thermal-uav_conf0.10.png,9065,0.1015,"[287, 251, 295, 259]",thermal-uav,TP
frame_009084_det0_thermal-uav_conf0.23.png,9084,0.2335,"[277, 249, 292, 260]",thermal-uav,
frame_009101_det0_thermal-uav_conf0.65.png,9101,0.6522,"[284, 250, 293, 259]",thermal-uav,TP
frame_009110_det0_thermal-uav_conf0.29.png,9110,0.2851,"[284, 251, 293, 260]",thermal-uav,TP
frame_009115_det0_thermal-uav_conf0.14.png,9115,0.143,"[286, 253, 295, 262]",thermal-uav,TP
frame_009118_det0_thermal-uav_conf0.59.png,9118,0.59,"[288, 255, 297, 264]",thermal-uav,TP
frame_009760_det0_thermal-uav_conf0.54.png,9760,0.5429,"[327, 246, 336, 255]",thermal-uav,TP
frame_009781_det0_thermal-uav_conf0.40.png,9781,0.4007,"[331, 247, 341, 256]",thermal-uav,TP
frame_009792_det0_thermal-uav_conf0.42.png,9792,0.4157,"[325, 246, 335, 256]",thermal-uav,TP
frame_009847_det0_thermal-uav_conf0.32.png,9847,0.3207,"[294, 241, 303, 250]",thermal-uav,TP
frame_009870_det0_thermal-uav_conf0.64.png,9870,0.6421,"[334, 241, 344, 250]",thermal-uav,TP
frame_009955_det0_thermal-uav_conf0.71.png,9955,0.7067,"[314, 200, 324, 210]",thermal-uav,TP
frame_009995_det0_thermal-uav_conf0.80.png,9995,0.796,"[330, 199, 338, 209]",thermal-uav,TP
frame_010034_det0_thermal-uav_conf0.70.png,10034,0.6963,"[340, 220, 350, 231]",thermal-uav,TP
frame_010084_det0_thermal-uav_conf0.85.png,10084,0.8516,"[316, 193, 330, 207]",thermal-uav,TP
frame_010112_det0_thermal-uav_conf0.86.png,10112,0.8646,"[296, 183, 312, 196]",thermal-uav,TP
frame_010282_det0_thermal-uav_conf0.87.png,10282,0.8672,"[302, 205, 324, 219]",thermal-uav,TP
frame_010328_det0_thermal-uav_conf0.87.png,10328,0.8718,"[328, 181, 355, 197]",thermal-uav,TP
frame_010342_det0_thermal-uav_conf0.87.png,10342,0.8706,"[334, 192, 361, 208]",thermal-uav,TP
frame_010376_det0_thermal-uav_conf0.86.png,10376,0.8624,"[345, 230, 374, 247]",thermal-uav,TP
frame_010460_det0_thermal-uav_conf0.81.png,10460,0.8115,"[339, 310, 359, 322]",thermal-uav,TP
frame_010473_det0_thermal-uav_conf0.76.png,10473,0.7603,"[338, 319, 356, 331]",thermal-uav,TP
frame_010481_det0_thermal-uav_conf0.84.png,10481,0.8418,"[329, 323, 357, 335]",thermal-uav,TP
frame_010530_det0_thermal-uav_conf0.42.png,10530,0.4206,"[342, 445, 362, 459]",thermal-uav,TP
frame_010537_det0_thermal-uav_conf0.59.png,10537,0.591,"[341, 445, 367, 458]",thermal-uav,TP
frame_010546_det0_thermal-uav_conf0.60.png,10546,0.5985,"[337, 438, 366, 455]",thermal-uav,TP
frame_010567_det0_thermal-uav_conf0.77.png,10567,0.7699,"[336, 424, 360, 438]",thermal-uav,TP
frame_010570_det0_thermal-uav_conf0.32.png,10570,0.3222,"[344, 421, 363, 435]",thermal-uav,TP
frame_010579_det0_thermal-uav_conf0.10.png,10579,0.1034,"[423, 401, 443, 414]",thermal-uav,FP
frame_010717_det0_thermal-uav_conf0.69.png,10717,0.687,"[386, 321, 402, 332]",thermal-uav,
frame_010734_det0_thermal-uav_conf0.54.png,10734,0.5441,"[392, 318, 405, 329]",thermal-uav,TP
frame_010746_det0_thermal-uav_conf0.47.png,10746,0.4707,"[395, 308, 408, 322]",thermal-uav,TP
frame_010775_det0_thermal-uav_conf0.56.png,10775,0.5555,"[396, 330, 408, 342]",thermal-uav,
frame_010776_det0_thermal-uav_conf0.50.png,10776,0.5026,"[394, 331, 406, 342]",thermal-uav,TP
frame_010783_det0_thermal-uav_conf0.74.png,10783,0.74,"[381, 326, 393, 336]",thermal-uav,TP
frame_010800_det0_thermal-uav_conf0.75.png,10800,0.7492,"[361, 311, 375, 321]",thermal-uav,TP
frame_010837_det0_thermal-uav_conf0.85.png,10837,0.8457,"[344, 308, 361, 318]",thermal-uav,TP
frame_010860_det0_thermal-uav_conf0.68.png,10860,0.6754,"[355, 307, 365, 318]",thermal-uav,TP
frame_010888_det0_thermal-uav_conf0.74.png,10888,0.7387,"[379, 310, 389, 319]",thermal-uav,TP
frame_010891_det0_thermal-uav_conf0.66.png,10891,0.6647,"[378, 307, 390, 317]",thermal-uav,TP
frame_010931_det0_thermal-uav_conf0.76.png,10931,0.7581,"[392, 316, 404, 325]",thermal-uav,TP
frame_010936_det0_thermal-uav_conf0.76.png,10936,0.7562,"[392, 313, 403, 323]",thermal-uav,TP
frame_010968_det0_thermal-uav_conf0.52.png,10968,0.5187,"[386, 342, 398, 352]",thermal-uav,TP
frame_010983_det0_thermal-uav_conf0.61.png,10983,0.6112,"[373, 345, 385, 357]",thermal-uav,TP
frame_010984_det0_thermal-uav_conf0.71.png,10984,0.7066,"[372, 345, 384, 356]",thermal-uav,TP
frame_010990_det0_thermal-uav_conf0.80.png,10990,0.7979,"[362, 347, 377, 359]",thermal-uav,TP
frame_011000_det0_thermal-uav_conf0.49.png,11000,0.4877,"[355, 345, 369, 357]",thermal-uav,TP
frame_011018_det0_thermal-uav_conf0.83.png,11018,0.8276,"[357, 345, 375, 355]",thermal-uav,TP
frame_011217_det0_thermal-uav_conf0.84.png,11217,0.8425,"[433, 401, 454, 412]",thermal-uav,TP
frame_011246_det0_thermal-uav_conf0.85.png,11246,0.8502,"[445, 419, 466, 430]",thermal-uav,TP
frame_011378_det0_thermal-uav_conf0.79.png,11378,0.7859,"[417, 417, 426, 429]",thermal-uav,TP
frame_011427_det0_thermal-uav_conf0.78.png,11427,0.7824,"[297, 382, 312, 395]",thermal-uav,TP
frame_011503_det0_thermal-uav_conf0.87.png,11503,0.867,"[326, 253, 352, 270]",thermal-uav,TP
frame_011591_det0_thermal-uav_conf0.35.png,11591,0.3513,"[277, 294, 304, 307]",thermal-uav,TP
frame_011593_det0_thermal-uav_conf0.43.png,11593,0.4324,"[278, 293, 306, 306]",thermal-uav,TP
frame_011596_det0_thermal-uav_conf0.35.png,11596,0.3526,"[280, 290, 308, 303]",thermal-uav,TP
frame_011629_det0_thermal-uav_conf0.57.png,11629,0.5742,"[295, 265, 311, 279]",thermal-uav,TP
frame_011630_det0_thermal-uav_conf0.56.png,11630,0.5649,"[296, 263, 312, 276]",thermal-uav,TP
frame_011636_det0_thermal-uav_conf0.86.png,11636,0.857,"[293, 253, 321, 268]",thermal-uav,TP
frame_011638_det0_thermal-uav_conf0.40.png,11638,0.3958,"[249, 461, 303, 507]",thermal-uav,FP
frame_011640_det0_thermal-uav_conf0.33.png,11640,0.3265,"[248, 463, 302, 508]",thermal-uav,FP
frame_011645_det0_thermal-uav_conf0.85.png,11645,0.8485,"[292, 238, 322, 255]",thermal-uav,TP
frame_011647_det0_thermal-uav_conf0.87.png,11647,0.8707,"[293, 233, 323, 250]",thermal-uav,TP
frame_011679_det0_thermal-uav_conf0.87.png,11679,0.8664,"[306, 202, 340, 223]",thermal-uav,TP
frame_011697_det0_thermal-uav_conf0.87.png,11697,0.867,"[325, 231, 364, 254]",thermal-uav,TP
frame_011718_det0_thermal-uav_conf0.86.png,11718,0.8647,"[307, 239, 352, 263]",thermal-uav,TP
frame_011756_det0_thermal-uav_conf0.90.png,11756,0.9015,"[301, 213, 348, 240]",thermal-uav,TP
frame_011791_det0_thermal-uav_conf0.88.png,11791,0.8832,"[300, 216, 344, 242]",thermal-uav,TP
frame_011931_det0_thermal-uav_conf0.87.png,11931,0.8723,"[270, 247, 293, 260]",thermal-uav,TP
frame_011969_det0_thermal-uav_conf0.85.png,11969,0.8461,"[268, 269, 289, 282]",thermal-uav,TP
frame_012257_det0_thermal-uav_conf0.71.png,12257,0.71,"[324, 258, 334, 269]",thermal-uav,TP
frame_012487_det0_thermal-uav_conf0.41.png,12487,0.4071,"[305, 100, 312, 110]",thermal-uav,
frame_012499_det0_thermal-uav_conf0.46.png,12499,0.4625,"[364, 8, 372, 17]",thermal-uav,
frame_012515_det0_thermal-uav_conf0.16.png,12515,0.1618,"[391, 455, 440, 477]",thermal-uav,FP
frame_012725_det0_thermal-uav_conf0.83.png,12725,0.8266,"[268, 232, 278, 242]",thermal-uav,TP
frame_012847_det0_thermal-uav_conf0.74.png,12847,0.7438,"[300, 263, 310, 272]",thermal-uav,TP
frame_012911_det0_thermal-uav_conf0.79.png,12911,0.7929,"[328, 290, 338, 299]",thermal-uav,TP
frame_012913_det0_thermal-uav_conf0.77.png,12913,0.7675,"[327, 290, 336, 299]",thermal-uav,TP
frame_012959_det0_thermal-uav_conf0.47.png,12959,0.4686,"[270, 265, 279, 274]",thermal-uav,TP
frame_012989_det0_thermal-uav_conf0.61.png,12989,0.6082,"[274, 259, 283, 267]",thermal-uav,TP
frame_013016_det0_thermal-uav_conf0.57.png,13016,0.5732,"[282, 247, 293, 256]",thermal-uav,TP
frame_013347_det0_thermal-uav_conf0.70.png,13347,0.6991,"[257, 289, 271, 300]",thermal-uav,TP
frame_013442_det0_thermal-uav_conf0.66.png,13442,0.6565,"[251, 310, 273, 321]",thermal-uav,TP
frame_013447_det0_thermal-uav_conf0.26.png,13447,0.259,"[252, 309, 275, 319]",thermal-uav,TP
frame_013539_det0_thermal-uav_conf0.78.png,13539,0.7833,"[302, 374, 329, 386]",thermal-uav,TP
frame_013548_det0_thermal-uav_conf0.80.png,13548,0.8015,"[310, 377, 338, 390]",thermal-uav,TP
frame_013771_det0_thermal-uav_conf0.70.png,13771,0.7045,"[238, 496, 302, 512]",thermal-uav,TP
frame_013830_det0_thermal-uav_conf0.85.png,13830,0.8478,"[229, 460, 275, 481]",thermal-uav,TP
frame_013900_det0_thermal-uav_conf0.83.png,13900,0.8254,"[150, 363, 185, 378]",thermal-uav,TP
frame_013965_det0_thermal-uav_conf0.68.png,13965,0.6766,"[208, 321, 231, 333]",thermal-uav,TP
frame_013966_det0_thermal-uav_conf0.76.png,13966,0.755,"[211, 321, 233, 334]",thermal-uav,TP
frame_013993_det0_thermal-uav_conf0.76.png,13993,0.7571,"[281, 330, 303, 342]",thermal-uav,TP
frame_014013_det0_thermal-uav_conf0.77.png,14013,0.7674,"[279, 340, 306, 353]",thermal-uav,TP
frame_014098_det0_thermal-uav_conf0.24.png,14098,0.2399,"[530, 447, 544, 456]",thermal-uav,FP
frame_014187_det0_thermal-uav_conf0.81.png,14187,0.8097,"[275, 396, 300, 416]",thermal-uav,TP
frame_014195_det0_thermal-uav_conf0.81.png,14195,0.8074,"[224, 383, 248, 399]",thermal-uav,TP
frame_014208_det0_thermal-uav_conf0.81.png,14208,0.8058,"[146, 371, 174, 385]",thermal-uav,TP
frame_014379_det0_thermal-uav_conf0.25.png,14379,0.25,"[272, 318, 287, 327]",thermal-uav,TP
frame_014390_det0_thermal-uav_conf0.72.png,14390,0.7193,"[276, 303, 290, 311]",thermal-uav,TP
frame_014402_det0_thermal-uav_conf0.50.png,14402,0.4991,"[281, 304, 296, 314]",thermal-uav,TP
frame_014713_det0_thermal-uav_conf0.42.png,14713,0.4184,"[52, 308, 72, 325]",thermal-uav,FP
frame_015247_det0_thermal-uav_conf0.80.png,15247,0.7967,"[403, 129, 417, 142]",thermal-uav,TP
frame_015260_det0_thermal-uav_conf0.83.png,15260,0.8309,"[407, 139, 420, 151]",thermal-uav,TP
frame_015435_det0_thermal-uav_conf0.84.png,15435,0.8382,"[299, 197, 308, 208]",thermal-uav,TP
frame_015436_det0_thermal-uav_conf0.85.png,15436,0.8479,"[300, 196, 309, 207]",thermal-uav,TP
frame_015447_det0_thermal-uav_conf0.81.png,15447,0.8082,"[300, 191, 310, 202]",thermal-uav,TP
frame_015530_det0_thermal-uav_conf0.69.png,15530,0.6862,"[325, 186, 335, 196]",thermal-uav,TP
frame_015609_det0_thermal-uav_conf0.81.png,15609,0.8097,"[319, 210, 328, 218]",thermal-uav,TP
frame_015627_det0_thermal-uav_conf0.74.png,15627,0.7392,"[320, 221, 329, 231]",thermal-uav,TP
frame_015648_det0_thermal-uav_conf0.82.png,15648,0.8224,"[318, 237, 327, 247]",thermal-uav,TP
frame_015677_det0_thermal-uav_conf0.17.png,15677,0.1709,"[312, 247, 322, 254]",thermal-uav,TP
frame_016294_det0_thermal-uav_conf0.10.png,16294,0.1,"[331, 151, 383, 181]",thermal-uav,FP
frame_016295_det0_thermal-uav_conf0.10.png,16295,0.1008,"[331, 149, 385, 180]",thermal-uav,FP
frame_016939_det0_thermal-uav_conf0.38.png,16939,0.3846,"[326, 319, 347, 330]",thermal-uav,FP
frame_017024_det0_thermal-uav_conf0.35.png,17024,0.3529,"[355, 335, 368, 345]",thermal-uav,FP
frame_017096_det0_thermal-uav_conf0.76.png,17096,0.7644,"[369, 366, 387, 377]",thermal-uav,
frame_017122_det0_thermal-uav_conf0.61.png,17122,0.6128,"[366, 375, 382, 386]",thermal-uav,TP
frame_017161_det0_thermal-uav_conf0.74.png,17161,0.7359,"[335, 384, 351, 398]",thermal-uav,TP
frame_017194_det0_thermal-uav_conf0.68.png,17194,0.6827,"[289, 381, 306, 391]",thermal-uav,TP
frame_017198_det0_thermal-uav_conf0.36.png,17198,0.3646,"[285, 380, 302, 391]",thermal-uav,TP
frame_017201_det0_thermal-uav_conf0.51.png,17201,0.5107,"[280, 380, 301, 389]",thermal-uav,TP
frame_017459_det0_thermal-uav_conf0.75.png,17459,0.7519,"[273, 79, 285, 90]",thermal-uav,TP
frame_017485_det0_thermal-uav_conf0.13.png,17485,0.1335,"[476, 362, 494, 380]",thermal-uav,FP
frame_017488_det0_thermal-uav_conf0.56.png,17488,0.5642,"[402, 117, 410, 127]",thermal-uav,TP
frame_017512_det0_thermal-uav_conf0.64.png,17512,0.6397,"[596, 99, 605, 109]",thermal-uav,TP
frame_017523_det0_thermal-uav_conf0.68.png,17523,0.6799,"[624, 79, 633, 89]",thermal-uav,TP
frame_017580_det0_thermal-uav_conf0.76.png,17580,0.7632,"[247, 405, 272, 420]",thermal-uav,TP
frame_017584_det0_thermal-uav_conf0.77.png,17584,0.766,"[247, 405, 275, 419]",thermal-uav,TP
frame_017603_det0_thermal-uav_conf0.30.png,17603,0.3004,"[248, 396, 279, 412]",thermal-uav,TP
frame_017610_det0_thermal-uav_conf0.42.png,17610,0.422,"[252, 392, 283, 409]",thermal-uav,TP
frame_017637_det0_thermal-uav_conf0.44.png,17637,0.4403,"[284, 372, 308, 386]",thermal-uav,TP
frame_017739_det0_thermal-uav_conf0.53.png,17739,0.5286,"[215, 432, 248, 450]",thermal-uav,TP
frame_017776_det0_thermal-uav_conf0.47.png,17776,0.4723,"[197, 428, 225, 441]",thermal-uav,TP
frame_017784_det0_thermal-uav_conf0.67.png,17784,0.6689,"[190, 422, 224, 446]",thermal-uav,TP
frame_017893_det0_thermal-uav_conf0.73.png,17893,0.7304,"[231, 351, 244, 358]",thermal-uav,TP
frame_017905_det0_thermal-uav_conf0.65.png,17905,0.6529,"[238, 343, 249, 351]",thermal-uav,TP
frame_017908_det0_thermal-uav_conf0.25.png,17908,0.2475,"[241, 339, 251, 349]",thermal-uav,
frame_017949_det0_thermal-uav_conf0.42.png,17949,0.4203,"[385, 422, 422, 448]",thermal-uav,FP
frame_017997_det0_thermal-uav_conf0.20.png,17997,0.2009,"[300, 311, 310, 319]",thermal-uav,
frame_018037_det0_thermal-uav_conf0.34.png,18037,0.3357,"[291, 313, 304, 321]",thermal-uav,
frame_018074_det0_thermal-uav_conf0.40.png,18074,0.4023,"[299, 313, 307, 321]",thermal-uav,TP
frame_018093_det0_thermal-uav_conf0.59.png,18093,0.5858,"[301, 312, 309, 321]",thermal-uav,
frame_018118_det0_thermal-uav_conf0.66.png,18118,0.6617,"[297, 302, 306, 311]",thermal-uav,TP
frame_018166_det0_thermal-uav_conf0.77.png,18166,0.7671,"[334, 308, 347, 315]",thermal-uav,TP
frame_018243_det0_thermal-uav_conf0.66.png,18243,0.6599,"[324, 315, 335, 323]",thermal-uav,TP
frame_018272_det0_thermal-uav_conf0.71.png,18272,0.7099,"[334, 318, 344, 325]",thermal-uav,TP
frame_018278_det0_thermal-uav_conf0.63.png,18278,0.6254,"[334, 320, 346, 328]",thermal-uav,TP
frame_018279_det0_thermal-uav_conf0.63.png,18279,0.6278,"[333, 320, 347, 328]",thermal-uav,TP
frame_018302_det0_thermal-uav_conf0.67.png,18302,0.67,"[330, 322, 344, 331]",thermal-uav,TP
frame_018305_det0_thermal-uav_conf0.65.png,18305,0.6468,"[330, 323, 344, 331]",thermal-uav,TP
frame_018357_det0_thermal-uav_conf0.80.png,18357,0.8041,"[328, 336, 340, 344]",thermal-uav,TP
frame_018380_det0_thermal-uav_conf0.56.png,18380,0.5635,"[336, 341, 349, 350]",thermal-uav,TP
frame_018431_det0_thermal-uav_conf0.69.png,18431,0.6879,"[337, 361, 352, 370]",thermal-uav,TP
frame_018432_det0_thermal-uav_conf0.69.png,18432,0.6897,"[337, 361, 352, 370]",thermal-uav,TP
frame_018472_det0_thermal-uav_conf0.83.png,18472,0.8327,"[344, 365, 359, 374]",thermal-uav,TP
frame_018525_det0_thermal-uav_conf0.83.png,18525,0.83,"[363, 379, 378, 387]",thermal-uav,TP
frame_018649_det0_thermal-uav_conf0.84.png,18649,0.8381,"[330, 407, 348, 417]",thermal-uav,TP
frame_018653_det0_thermal-uav_conf0.83.png,18653,0.8295,"[331, 408, 348, 417]",thermal-uav,TP
frame_018781_det0_thermal-uav_conf0.86.png,18781,0.8583,"[321, 435, 340, 446]",thermal-uav,TP
frame_018976_det0_thermal-uav_conf0.87.png,18976,0.8669,"[264, 424, 282, 435]",thermal-uav,TP
frame_019027_det0_thermal-uav_conf0.86.png,19027,0.8552,"[193, 422, 213, 434]",thermal-uav,TP
frame_019097_det0_thermal-uav_conf0.85.png,19097,0.8502,"[260, 414, 280, 425]",thermal-uav,TP
frame_019127_det0_thermal-uav_conf0.85.png,19127,0.854,"[282, 385, 302, 395]",thermal-uav,TP
frame_019171_det0_thermal-uav_conf0.78.png,19171,0.7787,"[280, 380, 298, 390]",thermal-uav,TP
frame_019249_det0_thermal-uav_conf0.83.png,19249,0.8258,"[287, 395, 307, 405]",thermal-uav,TP
frame_019326_det0_thermal-uav_conf0.81.png,19326,0.8081,"[266, 402, 287, 412]",thermal-uav,TP
frame_019344_det0_thermal-uav_conf0.79.png,19344,0.7879,"[267, 405, 286, 415]",thermal-uav,TP
frame_019357_det0_thermal-uav_conf0.56.png,19357,0.5603,"[266, 405, 281, 415]",thermal-uav,TP
frame_019361_det0_thermal-uav_conf0.21.png,19361,0.2128,"[35, 370, 48, 385]",thermal-uav,FP
frame_019367_det0_thermal-uav_conf0.57.png,19367,0.5743,"[259, 407, 274, 416]",thermal-uav,TP
frame_019378_det0_thermal-uav_conf0.35.png,19378,0.3535,"[259, 408, 276, 420]",thermal-uav,TP
frame_019410_det0_thermal-uav_conf0.23.png,19410,0.2308,"[266, 420, 285, 430]",thermal-uav,TP
frame_019421_det0_thermal-uav_conf0.35.png,19421,0.3463,"[345, 385, 355, 393]",thermal-uav,FP
frame_019429_det0_thermal-uav_conf0.41.png,19429,0.4056,"[392, 418, 400, 426]",thermal-uav,FP
frame_019451_det0_thermal-uav_conf0.20.png,19451,0.1969,"[394, 413, 403, 422]",thermal-uav,FP
frame_019454_det0_thermal-uav_conf0.22.png,19454,0.2189,"[396, 414, 405, 425]",thermal-uav,FP
frame_019471_det0_thermal-uav_conf0.32.png,19471,0.3164,"[248, 335, 259, 346]",thermal-uav,FP
frame_019479_det0_thermal-uav_conf0.54.png,19479,0.5361,"[265, 433, 287, 445]",thermal-uav,TP
frame_019482_det0_thermal-uav_conf0.32.png,19482,0.3153,"[264, 433, 284, 444]",thermal-uav,TP
frame_019497_det0_thermal-uav_conf0.32.png,19497,0.3194,"[258, 430, 277, 442]",thermal-uav,TP
frame_019511_det0_bird_conf0.10.png,19511,0.1034,"[500, 443, 509, 452]",bird,FP
frame_019512_det0_bird_conf0.21.png,19512,0.2056,"[501, 443, 510, 453]",bird,FP
frame_019513_det0_bird_conf0.31.png,19513,0.3141,"[502, 443, 512, 452]",bird,FP
frame_019514_det0_bird_conf0.15.png,19514,0.1464,"[505, 443, 513, 452]",bird,FP
frame_019559_det0_thermal-uav_conf0.69.png,19559,0.6938,"[191, 399, 214, 412]",thermal-uav,TP
frame_019662_det0_thermal-uav_conf0.42.png,19662,0.4203,"[245, 361, 264, 373]",thermal-uav,TP
frame_019667_det0_thermal-uav_conf0.57.png,19667,0.5651,"[252, 363, 268, 372]",thermal-uav,TP
frame_019669_det0_thermal-uav_conf0.53.png,19669,0.5262,"[252, 363, 269, 373]",thermal-uav,TP
frame_019773_det0_thermal-uav_conf0.19.png,19773,0.1912,"[425, 453, 443, 466]",thermal-uav,FP
frame_019805_det0_thermal-uav_conf0.35.png,19805,0.3545,"[339, 371, 356, 387]",thermal-uav,TP
frame_019808_det0_thermal-uav_conf0.23.png,19808,0.2325,"[341, 372, 357, 386]",thermal-uav,TP
frame_019855_det0_thermal-uav_conf0.34.png,19855,0.3443,"[350, 390, 372, 401]",thermal-uav,TP
frame_019879_det0_thermal-uav_conf0.66.png,19879,0.6581,"[350, 390, 376, 401]",thermal-uav,TP
frame_019896_det0_thermal-uav_conf0.62.png,19896,0.6224,"[339, 389, 366, 402]",thermal-uav,TP
frame_019925_det0_thermal-uav_conf0.79.png,19925,0.7889,"[332, 388, 361, 401]",thermal-uav,TP
frame_019929_det0_thermal-uav_conf0.79.png,19929,0.7902,"[331, 388, 363, 403]",thermal-uav,TP
frame_019988_det0_thermal-uav_conf0.81.png,19988,0.8106,"[347, 446, 383, 462]",thermal-uav,TP
frame_020008_det0_thermal-uav_conf0.82.png,20008,0.8217,"[381, 444, 416, 459]",thermal-uav,TP
frame_020053_det0_thermal-uav_conf0.57.png,20053,0.5729,"[527, 500, 564, 512]",thermal-uav,TP
frame_020585_det0_thermal-uav_conf0.17.png,20585,0.1722,"[499, 337, 511, 347]",thermal-uav,FP
frame_020627_det0_thermal-uav_conf0.26.png,20627,0.2647,"[547, 284, 576, 310]",thermal-uav,FP
frame_020670_det0_thermal-uav_conf0.69.png,20670,0.6881,"[419, 380, 442, 398]",thermal-uav,FP
frame_020689_det0_thermal-uav_conf0.40.png,20689,0.4026,"[398, 404, 422, 423]",thermal-uav,FP
frame_020698_det0_thermal-uav_conf0.55.png,20698,0.5473,"[400, 417, 424, 436]",thermal-uav,FP
frame_020838_det0_thermal-uav_conf0.25.png,20838,0.2536,"[313, 436, 344, 449]",thermal-uav,FP
frame_021457_det0_thermal-uav_conf0.21.png,21457,0.2091,"[5, 222, 15, 231]",thermal-uav,TP
frame_021458_det0_thermal-uav_conf0.60.png,21458,0.5977,"[4, 222, 13, 231]",thermal-uav,
frame_021474_det0_thermal-uav_conf0.66.png,21474,0.6566,"[13, 222, 21, 232]",thermal-uav,TP
frame_021534_det0_thermal-uav_conf0.58.png,21534,0.5797,"[54, 228, 63, 238]",thermal-uav,TP
frame_021541_det0_thermal-uav_conf0.70.png,21541,0.6961,"[61, 231, 70, 241]",thermal-uav,TP
frame_021576_det0_thermal-uav_conf0.78.png,21576,0.7799,"[108, 294, 117, 304]",thermal-uav,TP
frame_021602_det0_thermal-uav_conf0.21.png,21602,0.2069,"[265, 338, 275, 342]",thermal-uav,TP
frame_021621_det0_thermal-uav_conf0.60.png,21621,0.6025,"[602, 215, 612, 225]",thermal-uav,
frame_021622_det0_thermal-uav_conf0.58.png,21622,0.5837,"[606, 211, 616, 221]",thermal-uav,
frame_021702_det0_thermal-uav_conf0.16.png,21702,0.162,"[36, 75, 45, 83]",thermal-uav,
frame_021722_det0_thermal-uav_conf0.10.png,21722,0.1017,"[37, 75, 45, 83]",thermal-uav,FP
frame_021743_det0_thermal-uav_conf0.10.png,21743,0.1009,"[35, 75, 43, 83]",thermal-uav,
frame_021884_det0_thermal-uav_conf0.12.png,21884,0.1168,"[37, 75, 45, 83]",thermal-uav,
frame_022676_det0_thermal-uav_conf0.41.png,22676,0.4135,"[18, 387, 49, 426]",thermal-uav,FP
frame_022685_det0_thermal-uav_conf0.55.png,22685,0.5488,"[22, 391, 49, 424]",thermal-uav,FP
frame_022695_det0_thermal-uav_conf0.64.png,22695,0.6387,"[19, 388, 51, 426]",thermal-uav,FP
frame_022757_det0_thermal-uav_conf0.20.png,22757,0.2034,"[430, 482, 484, 510]",thermal-uav,FP
frame_022757_det1_thermal-uav_conf0.51.png,22757,0.5069,"[448, 452, 485, 484]",thermal-uav,FP
frame_022759_det0_thermal-uav_conf0.76.png,22759,0.7563,"[474, 451, 517, 503]",thermal-uav,FP
frame_022760_det0_thermal-uav_conf0.62.png,22760,0.6159,"[486, 451, 535, 512]",thermal-uav,FP
frame_022768_det0_thermal-uav_conf0.56.png,22768,0.5589,"[580, 433, 625, 474]",thermal-uav,FP
frame_022771_det0_thermal-uav_conf0.70.png,22771,0.7025,"[613, 449, 640, 511]",thermal-uav,FP
frame_022772_det0_thermal-uav_conf0.37.png,22772,0.3716,"[607, 87, 640, 157]",thermal-uav,FP
frame_022800_det0_thermal-uav_conf0.24.png,22800,0.2416,"[138, 391, 161, 435]",thermal-uav,FP
frame_022926_det0_thermal-uav_conf0.74.png,22926,0.7418,"[349, 372, 383, 389]",thermal-uav,FP
frame_022932_det0_thermal-uav_conf0.13.png,22932,0.1294,"[137, 399, 157, 435]",thermal-uav,FP
frame_022973_det0_thermal-uav_conf0.35.png,22973,0.3493,"[137, 395, 160, 433]",thermal-uav,FP
frame_022979_det0_thermal-uav_conf0.27.png,22979,0.2673,"[137, 403, 156, 435]",thermal-uav,FP
frame_023326_det0_thermal-uav_conf0.25.png,23326,0.2458,"[137, 393, 162, 433]",thermal-uav,FP
frame_023332_det0_thermal-uav_conf0.26.png,23332,0.2556,"[137, 375, 165, 433]",thermal-uav,FP
frame_023336_det0_thermal-uav_conf0.12.png,23336,0.1241,"[137, 394, 163, 430]",thermal-uav,FP
frame_023366_det0_thermal-uav_conf0.45.png,23366,0.446,"[138, 376, 168, 433]",thermal-uav,FP
frame_023373_det0_thermal-uav_conf0.20.png,23373,0.2042,"[137, 383, 165, 428]",thermal-uav,FP
frame_023380_det0_thermal-uav_conf0.30.png,23380,0.2951,"[137, 371, 179, 435]",thermal-uav,FP
frame_023382_det0_thermal-uav_conf0.15.png,23382,0.1453,"[137, 395, 162, 430]",thermal-uav,FP
frame_023388_det0_thermal-uav_conf0.11.png,23388,0.1089,"[137, 395, 163, 429]",thermal-uav,FP
frame_023389_det0_thermal-uav_conf0.40.png,23389,0.3953,"[137, 381, 165, 428]",thermal-uav,FP
frame_023397_det0_thermal-uav_conf0.35.png,23397,0.3514,"[137, 390, 164, 426]",thermal-uav,FP
frame_023420_det0_thermal-uav_conf0.11.png,23420,0.1094,"[137, 395, 163, 431]",thermal-uav,FP
frame_023421_det0_thermal-uav_conf0.37.png,23421,0.3715,"[137, 375, 169, 431]",thermal-uav,FP
frame_023427_det0_thermal-uav_conf0.26.png,23427,0.2605,"[136, 369, 179, 434]",thermal-uav,FP
frame_023432_det0_thermal-uav_conf0.45.png,23432,0.4477,"[138, 374, 170, 434]",thermal-uav,FP
frame_023435_det0_thermal-uav_conf0.40.png,23435,0.4023,"[138, 373, 172, 434]",thermal-uav,FP
frame_023442_det0_thermal-uav_conf0.17.png,23442,0.1706,"[137, 384, 164, 433]",thermal-uav,FP
frame_023462_det0_thermal-uav_conf0.11.png,23462,0.1065,"[137, 377, 169, 428]",thermal-uav,FP
frame_023468_det0_thermal-uav_conf0.34.png,23468,0.3359,"[137, 386, 165, 428]",thermal-uav,FP
frame_023479_det0_thermal-uav_conf0.37.png,23479,0.3674,"[137, 387, 164, 427]",thermal-uav,FP
frame_023481_det0_thermal-uav_conf0.37.png,23481,0.3662,"[137, 388, 164, 427]",thermal-uav,FP
frame_023486_det0_thermal-uav_conf0.15.png,23486,0.1494,"[137, 381, 165, 429]",thermal-uav,FP
frame_023545_det0_thermal-uav_conf0.30.png,23545,0.3008,"[137, 380, 166, 426]",thermal-uav,FP
frame_023550_det0_thermal-uav_conf0.27.png,23550,0.2676,"[137, 376, 168, 426]",thermal-uav,FP
frame_023570_det0_thermal-uav_conf0.14.png,23570,0.1351,"[137, 384, 166, 428]",thermal-uav,FP
frame_023604_det0_thermal-uav_conf0.14.png,23604,0.1368,"[138, 384, 167, 432]",thermal-uav,FP
frame_023686_det0_thermal-uav_conf0.15.png,23686,0.1506,"[0, 443, 50, 475]",thermal-uav,TP
frame_023689_det0_thermal-uav_conf0.12.png,23689,0.1195,"[0, 443, 51, 475]",thermal-uav,TP
frame_023703_det0_thermal-uav_conf0.19.png,23703,0.1945,"[0, 443, 49, 475]",thermal-uav,TP
frame_023709_det0_thermal-uav_conf0.32.png,23709,0.3205,"[0, 443, 50, 476]",thermal-uav,TP
frame_023723_det0_thermal-uav_conf0.33.png,23723,0.3272,"[0, 443, 50, 476]",thermal-uav,TP
frame_023734_det0_thermal-uav_conf0.46.png,23734,0.4596,"[0, 443, 51, 475]",thermal-uav,TP
frame_023739_det0_thermal-uav_conf0.40.png,23739,0.4037,"[0, 443, 51, 476]",thermal-uav,TP
frame_023765_det0_thermal-uav_conf0.39.png,23765,0.3871,"[0, 444, 49, 474]",thermal-uav,TP
frame_023766_det0_thermal-uav_conf0.34.png,23766,0.3372,"[0, 444, 49, 475]",thermal-uav,TP
frame_023786_det0_thermal-uav_conf0.48.png,23786,0.4813,"[0, 443, 51, 476]",thermal-uav,TP
frame_023803_det0_thermal-uav_conf0.43.png,23803,0.4334,"[0, 442, 50, 476]",thermal-uav,TP
frame_023806_det0_thermal-uav_conf0.46.png,23806,0.4626,"[0, 442, 50, 476]",thermal-uav,TP
frame_023813_det0_thermal-uav_conf0.32.png,23813,0.3191,"[0, 443, 49, 475]",thermal-uav,TP
frame_023833_det0_thermal-uav_conf0.43.png,23833,0.4341,"[0, 443, 51, 475]",thermal-uav,TP
frame_023843_det0_thermal-uav_conf0.46.png,23843,0.4646,"[0, 443, 53, 475]",thermal-uav,TP
frame_023891_det0_thermal-uav_conf0.56.png,23891,0.565,"[0, 443, 58, 475]",thermal-uav,TP
frame_023901_det0_thermal-uav_conf0.45.png,23901,0.4549,"[0, 443, 53, 474]",thermal-uav,TP
frame_024516_det0_thermal-uav_conf0.22.png,24516,0.2227,"[0, 344, 56, 412]",thermal-uav,TP
