split,file_name,image_path,class_a,class_b,iou
train,002708_png.rf.888874642ca5cc5511d01fdabce774b8.txt,data/thermal-1-filtered/train/images/002708_png.rf.888874642ca5cc5511d01fdabce774b8.jpg,thermal-uav,thermal-uav,0.415
train,002728_png.rf.37306ddab000006e0b07ba153c792381.txt,data/thermal-1-filtered/train/images/002728_png.rf.37306ddab000006e0b07ba153c792381.jpg,thermal-uav,thermal-uav,0.635
train,002728_png.rf.8fdb0a258f9466a77a5ddaca3e73363f.txt,data/thermal-1-filtered/train/images/002728_png.rf.8fdb0a258f9466a77a5ddaca3e73363f.jpg,thermal-uav,thermal-uav,0.656
train,002728_png.rf.ea879bcca1366468f12e99b6f312968c.txt,data/thermal-1-filtered/train/images/002728_png.rf.ea879bcca1366468f12e99b6f312968c.jpg,thermal-uav,thermal-uav,0.676
train,002741_png.rf.1e105ff25ef7c06813e1018e980b622f.txt,data/thermal-1-filtered/train/images/002741_png.rf.1e105ff25ef7c06813e1018e980b622f.jpg,thermal-uav,thermal-uav,0.661
train,002741_png.rf.29da85881d3c369ab266521a230c56ba.txt,data/thermal-1-filtered/train/images/002741_png.rf.29da85881d3c369ab266521a230c56ba.jpg,thermal-uav,thermal-uav,0.607
train,002741_png.rf.50a9b0d6eebadff182f446219bdd8f3f.txt,data/thermal-1-filtered/train/images/002741_png.rf.50a9b0d6eebadff182f446219bdd8f3f.jpg,thermal-uav,thermal-uav,0.607
train,002793_png.rf.0b6db6db897839d32798429e1d0ec080.txt,data/thermal-1-filtered/train/images/002793_png.rf.0b6db6db897839d32798429e1d0ec080.jpg,thermal-uav,thermal-uav,0.577
train,002793_png.rf.91f805f2e1bdf5e55890c9b13c9f85bc.txt,data/thermal-1-filtered/train/images/002793_png.rf.91f805f2e1bdf5e55890c9b13c9f85bc.jpg,thermal-uav,thermal-uav,0.609
train,002793_png.rf.e3aa38374df62a5998e2106d8613a2c2.txt,data/thermal-1-filtered/train/images/002793_png.rf.e3aa38374df62a5998e2106d8613a2c2.jpg,thermal-uav,thermal-uav,0.562
train,002798_png.rf.7820b73f70d0fc95d12a10b2c73d137d.txt,data/thermal-1-filtered/train/images/002798_png.rf.7820b73f70d0fc95d12a10b2c73d137d.jpg,thermal-uav,thermal-uav,0.457
train,002798_png.rf.b40b755d74fad6999d904e209178ccbb.txt,data/thermal-1-filtered/train/images/002798_png.rf.b40b755d74fad6999d904e209178ccbb.jpg,thermal-uav,thermal-uav,0.506
train,002798_png.rf.ca601ba244341fb1648a734658cb6aca.txt,data/thermal-1-filtered/train/images/002798_png.rf.ca601ba244341fb1648a734658cb6aca.jpg,thermal-uav,thermal-uav,0.441
train,002837_png.rf.a83ea41d3a540b0728690162d28fe32a.txt,data/thermal-1-filtered/train/images/002837_png.rf.a83ea41d3a540b0728690162d28fe32a.jpg,thermal-uav,thermal-uav,0.406
train,003431_png.rf.0df089fd5726fe0d89917402d5207f4e.txt,data/thermal-1-filtered/train/images/003431_png.rf.0df089fd5726fe0d89917402d5207f4e.jpg,thermal-uav,thermal-uav,0.445
train,003431_png.rf.425f008d0147bf0221ebcb7de4b0d372.txt,data/thermal-1-filtered/train/images/003431_png.rf.425f008d0147bf0221ebcb7de4b0d372.jpg,thermal-uav,thermal-uav,0.425
train,003431_png.rf.9d252a914fa949f532ed4a701b18a0b6.txt,data/thermal-1-filtered/train/images/003431_png.rf.9d252a914fa949f532ed4a701b18a0b6.jpg,thermal-uav,thermal-uav,0.446
train,0_0_000202_jpg.rf.23046eb5175ca9402d894ec6b76ad9bc.txt,data/thermal-1-filtered/train/images/0_0_000202_jpg.rf.23046eb5175ca9402d894ec6b76ad9bc.jpg,thermal-uav,thermal-uav,0.878
train,0_0_000202_jpg.rf.788d65cfb688849a193032c501e4cdc4.txt,data/thermal-1-filtered/train/images/0_0_000202_jpg.rf.788d65cfb688849a193032c501e4cdc4.jpg,thermal-uav,thermal-uav,0.905
train,0_0_000202_jpg.rf.d405fd4354c0d38da18422b31bcd0bd9.txt,data/thermal-1-filtered/train/images/0_0_000202_jpg.rf.d405fd4354c0d38da18422b31bcd0bd9.jpg,thermal-uav,thermal-uav,0.873
